number,species
1,C918NO3
2,C134CO
3,NBUTACET
4,C124O2
5,PROL1MPAN
6,BCCOOH
7,IPRHOCO2H
8,TM124NO2O
9,C3EODBCO2H
10,DMEBPOXMUC
11,DNMXYOLOOH
12,C4ME2OHNO3
13,C920CO3
14,MIPKAO
15,BUT2OLAO
16,C823CO
17,M3BU2OLOOH
18,METLBIPRO2
19,PXYCATECH
20,M3HEXBNO3
21,C124OH
22,PRCOOMCHO
23,PTLQONE
24,TM123MUCO
25,C137CO
28,MBOAOOH
29,C4M2NO33O
30,EPXDLCO2H
31,BOXCOCOMO
32,ME3BU2OLO
33,CLOHCO3H
34,BOXCOCOME
35,MALDIAL
36,C6PAN21
37,DEMPHOLOOH
38,C6PAN23
39,C6PAN22
40,HO13C5O2
41,EBZMUCOOH
42,NMETOL1O2
43,DMKOHOOH
44,C9M2CO6O2
45,IPBZBPR2OH
46,MPRK
47,NOA
48,BIACETOOH
49,HEPTOH
50,C6CO4MEDB
51,ACBUONEAO
52,PEBQONE
53,C42OH
55,C63NO3
56,TBOCOCH2O
57,NPETOLO2
58,NPTLQO
59,C514OH
60,C620O2
61,ACETC2CO2H
62,C917NO3
63,METHACETO2
64,C44O
65,C620OH
66,C711O2
67,CNO3OCL
68,NEBNZOLOOH
69,C514O2
70,NPETOLOH
71,C731OOH
72,IC3H7O
73,HO2C54O
74,C42O2
75,NC524OOH
76,C51NO324CO
77,C62NO335CO
78,C1011O
79,C925OOH
80,H14CO23C4
81,C624CO
82,T124CAT1O2
83,CO24M3C5
84,H3C2C4CO2H
85,CO2C4CHO
86,MIBKBOOH
87,NPETLQO2
88,HC4CO3
89,C6H5OOH
90,C3MDIALO
91,HEPTO2
92,PXYMUCNO3
93,H13C43CO3
94,CHOC4PAN
95,C624NO3
96,CO25C74OOH
97,C514O
98,C1010OOH
99,DIIPRETOH
100,ME2BUOLO
101,C4MCODBCO2
102,C4MCODBCO3
103,C46PAN
104,TMB2FUOOH
105,MIBKHO4O
106,CL2OHCH2O
107,H3C25CCO3H
108,ETBEAOH
109,C126NO3
110,ETBEAO2
111,HM22C4O
112,C823OOH
113,C616O2
114,C88OOH
115,C1013CO2H
116,DIIPRETO2
117,M2BKAOOH
118,MMALANHY
119,C312COCO3H
120,MEK2OO
121,C7EDCOOH
122,NMXYQO2
123,PXYL1O2
124,C827OOH
125,NDNPBZLOOH
126,CO23C5
127,CO23C6
128,TOL1O
129,CH3SOO2
130,IPROPOLPER
131,NDNPETLOOH
132,C61O
133,C3NO3COOOH
134,C1312O
135,PROL1MCO3
136,CH3CHOHCHO
137,C78O
138,MNO3COC4O
139,BZEMUCCO3H
140,MACRNB
141,COHM2CO3H
142,TL4OHNO2O2
143,PHIC3O
144,OTNCATECO
145,OTNCATECH
146,DM124O
147,PTCATEC1O
148,DMMBO2
149,MTBKNO3
150,NISOPNO3
151,HNC524CO
152,C720O
153,C139NO3
154,H3M3C5CHO
155,C5ONO34OOH
156,IPECO
157,IPROACET
158,HODMSO2
159,NMXYOL1O2
160,METLOBPROH
161,DMMBOH
162,NPHENOOH
163,SBUACONEO
164,HO1C3O2
165,C57NO3
166,C1313NO3
167,HEXBOH
168,M3HEXAO2
169,ETOHOCHO
170,C51CO2H
171,C117NO3
172,C112O
173,BCALBCO
174,IPBZMUCOH
175,C9M2CO6OH
176,H3M3C5NO3
177,C152OOH
178,CO235C6CHO
179,NPHENO
180,C3PAN2
181,C3PAN1
182,IPBZMUCO2
183,NBUTOLBO
184,HO13C3CO3H
185,PE1ENEBO2
186,C82OOH
187,HEXBO2
188,M3HEXAOH
189,C716OOH
190,HMVKBO
191,C83COOHOOH
192,CH3NO3
193,EPXMC4DIAL
194,MTBEBOH
195,HMVKANO3
196,CO2OH3MPAN
197,NC4IPDCO2
198,HOACETETO2
199,C151OH
200,C151O2
201,ISOPCO2
202,NC4OHCO3
203,C629OOH
204,BPINBO2
205,MIBKCOOHO2
206,H2M2C4CO2H
207,C134O
208,C817CO3
209,MTBEBO2
210,C917O
211,ACPRONEOH
212,DMC
213,C920CO3H
214,LIMCOH
215,IPRBQONE
216,MO2EOLB2OH
217,C7M3CO
218,DMM
219,DMS
220,C6PAN20
221,C71O2
222,PXYFUOOH
223,C735OOA
224,MO2EOLBO
225,C735OOH
226,ACPRONEO2
227,CATEC1O
228,LIMCO2
229,C8M2CO6OH
230,TM123BO
231,PETCATECH
232,CO25C6CO2H
233,NDNT124LO
234,PETLMUCO2H
235,C88PAN
236,BIACETO
237,ACEC2CHO
238,C822PAN
239,C89NO3
240,C720OH
241,C121OOH
242,BCALBOOH
243,C5MDICARB
244,C720O2
245,MCATECHOL
246,C1011CO3H
247,C617PAN
248,PENT1ENE
249,PGAOOB
250,LIMALACO
251,C8M2CO6O2
252,MOCOCH2OOH
253,HO1C5OOH
254,NC623O
255,LIMBOOH
256,CH3SCH2O
257,CHOC4CO3H
258,C733OOH
259,C78O2
260,C815CO2OOH
261,MC3CODBCO3
262,MC3CODBCO2
263,H2M3C4O
264,C42O
265,C918CO3H
266,DM23BU2ENE
267,ETBEANO3
268,HO2C6OOH
269,C78OH
270,NOPINCO
271,DNPHEN
272,TM135BPNO3
273,MIBKAOH3CO
274,MXYBIPERO
275,HO3C6O
276,M33C4O2
277,MPRBNO3O2
278,C84O2
279,NC41OOA
280,PECO
281,DMKOHO
282,EOX2ETCHO
283,C617CO2H
284,CHCL2OOH
285,NDNCRESO2
286,PXYLO
287,METACETNO3
288,PXYMUCO
289,DNPXYOL
290,TM124MUO2H
291,C5OCO3M
292,PXY1OOH
293,CH3COCO3H
294,C9DCCO
295,C816O
296,C512O
297,C522CO3
298,MIBKOHAOOH
299,C510OH
300,NEOPNO3
301,EBFUOOH
302,C41CO3H
303,OXYOLO2
304,T123NCATO
305,C1310O
306,CO1H63O
307,NCRESO
308,CHCL3OOH
309,BUTAL2NO3
310,EOX2OLBNO3
311,C6H5C2CO3H
312,HOC2H4CO3H
313,NC3OOA
314,BCLKET
315,C89CO2
316,C89CO3
317,C1013O2
318,C726CO3OH
319,M33C3CO2H
320,CCLOHCH2O2
321,TMBO2
322,DNPHENO
323,C6DCRBBOOH
324,M2BUOL2OH
325,C63O
326,C1210OOH
327,NPXYOLO
328,ACCOMECO3
329,C4CO2DCO3H
330,DIME35EB
331,MBOOOA
332,BOX2COMOOH
333,C919OH
334,NISOPO
335,PTNCATECH
336,PTNCATECO
337,M2BUOL2O2
338,NC526O2
339,DMMBNO3
340,C84O
341,MTCATEC1O
342,C7M2CO5O2
343,H3C2C4PAN
344,C4MALOHOOH
345,C1211CO3
346,C515O2
347,MVKOHBOOH
348,C1213OOH
349,NC51O2
350,CO24C6O2
351,C9M2CO6OOH
352,C7CO3OHOOH
353,C722O
354,HM33C4O
355,CH3SOO2NO2
356,HEXCNO3
357,NBUACETAO2
358,CNO3CLOOH
359,DNCRESO2
360,HO2C5O
361,C5MCO2OHO2
362,C4MCODBPAN
363,NO3CH2PAN
364,BCBNO3
365,C4DBMECO3
366,C7M2CO5OH
367,H3M3C6NO3
368,C5DICARBO2
369,BOX2PROL
370,C5COCHOO
371,C524CO
372,BRETPAN
373,C6CODIAL
374,MXYFUOH
375,CL2OHPAN
376,PROPALO2
377,HO3C106NO3
378,DNIPBNZLO2
379,M2C43CO2H
380,C8BCO
381,MXYFUO2
382,TM123BP2OH
383,C65NO3CO3H
384,C534OOH
385,C89O
386,HO3C86NO3
387,NTMB2FUO
388,H13M3C5O2
389,C915O
390,C830O2
391,INAHPCO3
392,IPBZMUCO3H
393,CO3C75O
394,C43NO3CO3H
395,HO2MC5NO3
396,DETLMUOOH
397,C6H5C2OH
398,C4M2NO32O2
399,H13M3C5O
400,NPEBQOOH
401,ETBEACHO
402,H2M4C65O
403,PETLMUCCO3
404,C4MNO32OOH
405,C5CO234O2
406,C830OH
407,HO3C126NO3
408,C624CHO
409,C136O
410,M22C3CO3
411,PXYLOOH
412,TM124QOOH
413,IPNNCATOOH
414,C5DICARBO
416,TM123O
417,TM123B
418,C1312OOH
419,PHAN
420,COO2C4OOH
421,C916NO3
422,EBENZOLOH
423,EBENZOLO2
424,IBUTALCO2
425,MC5CO2OHO
426,C928NO3
427,IPBZMUCO
428,HO3C116OOH
429,HO5C6OOH
430,DNEBNZLO2
431,C3H7CHO
432,INANCO3H
433,CO2HOC61O2
434,EBENZOLOOH
435,NBPINAO2
436,C71OOH
437,M3PECO
438,INANCOCO3
439,C919O2
440,NEOP
441,ME3BUOLNO3
442,HM23C4OOH
443,DNPETOLO2
444,NC6PAN1
445,INANPAN
446,C823PAN
447,C830NO3
448,ISOPDNO3
449,NMBOAO
450,MTBEACHOHO
451,C624PAN
452,C8CO2DBAL
453,TLFUOOH
454,C9DCOOH
455,INB1NBCO3H
456,HO3C4O
457,PET1OHNO2
458,IPRBQO2
459,MMALNACO3
460,MXYBPER2OH
461,C827CO2H
462,HC4ACHO
463,IC4H10
464,PE1ENEAO2
465,EMPONO2OOH
466,CO36C8
467,A2PANO
468,TM123BPOOH
469,TM124OLOOH
470,HVMK
471,H3M3C5OOH
472,EBZMUCCO2H
473,NOPINAO
474,NLIMALO
475,TISOPA
476,TISOPC
477,MXYQOOH
478,HMVKAO2
479,NC4H10
480,PEAO
481,HO36C11
482,HO36C10
483,C826CO3OH
484,MALDALCO3H
485,CO234C6
486,C1213OH
487,OXYQO2
488,DNCRESO
489,NC623OOH
490,IC7DCPAN
491,MC6OTKETO2
492,C7MJPCO3H
493,DMPHOHNO2
494,C1213O2
495,OXYQOH
496,C826CO3O2
497,C133CO
498,C151OOH
499,ACCOCOETO2
500,C510O
501,C3COCPAN
502,PBFUONE
503,H134M3C5
504,C95O2
505,VINCL
506,C47CO3
507,C623NO3
508,LMKOOA
509,LMKOOB
510,HEX1ENE
511,IPRACBOOH
512,BUTALAOOH
513,BCLKCO
514,NOAOOA
515,H1MC5O
516,CATECOOA
517,CHOOMPAN
518,C7BDCO
519,C818OOH
520,HO2M2C4O
521,PC3ODBCO2H
522,MBOOO
523,C6COOHCO3H
524,C6O132OH
525,IPROC21NO3
526,NPETLQOOH
527,C57O2
528,HOHOC4DIAL
529,TLEMUCOOH
530,C4DBMECO3H
531,H2M2C65OOH
532,NC61CO3
533,DNOXYOLOOH
534,OCCOHCO
535,HO2C3CO3H
536,LMLKBOOH
537,C57OH
538,MNNCATECO
539,DMPHGLYOX
540,HO3C5NO3
541,C6CO243OH
542,MO2EOLBNO3
543,NBCALOH
544,PXY1O2
545,C7DCOH
546,IPBZBPROOH
547,C4NO3PAN
548,C4DBM2CO3H
549,PNNCATECO2
550,IPROPOLPAN
551,HYETHO2H
552,C7DCO2
553,NAPINBOOH
554,EOX2EOL
555,NBCALO2
556,A2PANOO
557,ACCOETOOH
558,C717OOH
559,MXYLNO3
560,HMACR
561,HM23C4O2
562,C5PAN18
563,CHOC3DIOL
564,DE35TO
565,MCATECOOA
566,C826OH
567,C7DDCOOH
568,BCLKCCO
569,CO3C4CO2H
570,COO2C4CO3H
571,PEBQCO
572,NMETLQO
573,C6H5C2H4O2
574,C116O
575,C6COALCO2H
576,HM22CO3H
577,CO3C5CO2H
578,H2M3C4CO3
579,C23O3MCHO
580,NDNOETLOOH
581,C616OH
582,C826O2
583,C6H5CH2PAN
584,DE35TOOH
585,NBUACBOH
586,HM23C4OH
587,OXYMUCOOH
588,C62NO33CO
589,LIMBCO
590,MTBEAALOOH
591,NC71O2
592,EOCOCH2O2
593,METLMUCCO3
594,C728NO3
595,C43OHCOCHO
596,IPBZMUCCO
597,C736OOH
598,C8CO2DCO3H
599,MCOCOMOXO2
600,MEKCOOH
601,PPGAOOB
602,CL12CO3
603,NPBFUO
604,HM22C3CO2H
605,C2CL32OH
606,NOPINAO2
607,H13M3C5
608,CH3SCHO
609,BUT2OLO2
610,CL2OHCH2O2
611,TCE2OH
612,COO2C4CO3
613,TM123OLOH
614,BOX2EOHAO2
615,C4OCCOHOOH
616,M2PEBOOH
617,C5CODBCO3H
618,MSIA
619,IBUTOLBO
620,NBCKOOH
621,PCATECHOL
622,LIMBO
623,HO4CO7C9
624,TM123OLO2
625,HEX2ONCOOH
626,BUT2OLOH
627,DETLMUPAN
628,CL2OHCH2OH
629,NOPINAOH
630,IPBENZOLOH
631,MC7CO2O
632,EPXMDLPAN
633,LIMALAOH
634,C87PAN
635,MC4CONO3O2
636,H2M4C65O2
637,C62CPAN
638,ME3BU2OLO2
639,SBUACETBO2
640,M3PEAO
641,HC3CCO3
642,NBCKO2
643,CO1C6NO3
644,NDNT124LO2
645,LIMALAO2
646,IPBENZOLO2
647,C5CO23O
648,C5CONO3OOH
649,HOIPRCO2H
650,ETBEBNO3
651,M2CO5C6
652,IBUTOLBNO3
653,MACO3
654,MEBFUOH
655,METLBIPNO3
656,ACBUONBOH
657,C57NO3PAN
658,MEBFUO2
659,NOPINOO
660,NMXYOLOOH
661,H2M3C4O2
662,NC3CO3
663,HM2C43O
664,C23O3EHO
665,CO25C73OOH
666,NEBFUONE
667,HM22C3OH
668,CLCOCLO
669,C7DDCO2
670,INB1NBPAN
671,C619OH
672,PECO2
675,CO24C63OOH
676,C527NO3
677,HC3CO3H
678,HO2C54CO3
679,TBUTCHO
680,MTBEBPAN
681,MVKOOH
682,COHCCLOOH
683,MVKOOA
684,DMEOBPROH
685,C81O2
686,CLCOCH2O
687,PXYOLO
688,C1213O
689,M3PEAOH
690,NOPINBCO
691,PECOH
692,EOX2EOLAO2
693,CH3OCH2NO3
694,C7DDCOH
695,HM22C3O2
696,C812O
697,C2CL3OHOOH
698,PROPOLNO3
699,NPRACAOOH
700,BUTDBOH
701,BCAOH
702,BCAOO
703,C1013CO
704,HO5C5CHO
705,CLCOCCL2O
706,TM123BCO3
707,OXYQONE
708,BCAO2
709,BCLKAO
710,MMALNAPAN
711,C144O
712,C511O2
713,DNOXYOLO2
714,NORPINIC
715,C6OTKETCO
716,C522PAN
717,MALANHY
718,C6DICARB
719,C131CO3
720,TBUTOLO
721,ETHENO3O
722,MO2EOL
723,NDNMETOLO
724,IPBFUOH
725,SC4H9NO3
726,ACECOCOCH3
727,C9DC
728,CL2OHCO3H
729,C57AO
730,IPBFUO2
731,NTMB1FUO
732,PXYFUO
733,C627OOH
734,T124CAT1O
735,C4COMOHCO3
736,C72NO3
737,NEBNZOLO2
738,C123CO
739,CH3BR
740,ETOC2O
741,VGLYOX
742,HEX2ONBNO3
743,CRESO
744,C5COCHOO2
745,HO2C43CO3H
746,IBUTOLBO2H
747,C1H4C5PAN
748,BZEMUCO
749,HO2C4OH
750,C42NO33OOH
751,C531O2
752,PETLMUCO
753,CCLOHCO3
754,M2BU2OLNO3
755,NEBNZOLOH
756,ETOLOH
757,MIBKBO
758,INAOOH
759,TM124OL
760,NDNPXYOLO2
761,H2M2C3CHO
762,LMKANO3
763,C517CO3
764,BOXPROLBO2
765,C103OH
766,C114O
767,HOCH2COCHO
768,CH3COCH3
769,HC3CHO
770,C6NO3CO5O2
771,COO2C4PAN
772,C6NO3CO5OH
773,C103O2
774,PETLMUCOOH
775,HMVKBOOH
776,NBCKO
777,MC5DICARB
778,HO1C6OOH
779,TM124O2
780,HO2M2C4OOH
781,PRNO3CO3H
782,CO235C6O
783,TC4H9O2
784,C127O2
785,NDNPETOLO
786,METHTOL
787,C1311OOH
788,C511PAN
789,CHOC2H4OOH
790,PRNOCOMOOH
791,HEPTO
792,C5DICAROOH
793,ENNCATECO
794,TBUTOLO2
795,C127OH
796,C623O
797,C3M3CHONO3
798,HO2CO4C5O2
799,C145OOH
800,C918OOH
801,PXYMUCO2
802,DIBRETO
803,ENCATECH
804,MVKOHAO
805,ACCOETO2
806,C3ME3PAN
807,BPINAOOH
808,EBZMUCNO3
809,T124NCTOOH
810,PBZOBPEROH
811,MC5COOHOOH
812,C923CO3
813,MMALNACO3H
814,C727PAN
815,DNIPBNZOL
816,NTMB2FUO2
817,DETLBIPNO3
818,DMMBO
819,PXYMUCOH
820,HEPTNO3
821,C92OOH
822,BOXPROOOH
823,C6NO324CO
824,TM124MUCCO
825,SBUACEONE
826,DIBRET
827,HEX3ONDOH
828,MXYMUCO
829,NIPBFUO
830,C1310O2
831,C812OOH
832,C928CO3H
833,CH3S
834,ACBUONBOOH
835,C828PAN
836,CH3O
837,C4ME2NO3O2
838,C830CO
839,ME2BUT1ENE
840,CO23C4CO3H
841,PCATEC1O
842,HEX3ONDO2
843,MACRNOO
844,C5NO3OAOOH
845,C4M3NO31O2
846,C734OH
847,CH2BROH
848,OCTO
849,C7M15CO2O2
850,BOXMOOH
851,HMVKNO3
852,PHCOMEO2
853,PHGLYOX
854,ACETETCHO
855,PHENOH
856,PHENOL
857,MXY1O2
858,NEBNZ1OOH
859,MGLYOO
860,PHENO2
861,INB1NACO2H
862,C141CO
863,NPRACAOH
864,MGLYOX
865,CL12PRCHO
866,MVKOHAO2
867,C7M15CO2OH
868,CH2BRO2
869,C734O2
870,ISOPDO
871,PXYQOOH
872,C810O
873,C118OH
874,C626PAN
875,EBZOBPEROH
876,IEACO3
877,IPBZOLOOH
878,C6M5CO2OH
879,C2CL3OHAO
880,C128O
881,C823NO3
882,C1213CO
883,NT123L1O2
884,H3M3C4CO3H
885,NTM124LOOH
886,C615O2
887,C65OH4NO3
888,C6CO2OHOOH
889,OXYQCO
890,HO13C5NO3
891,C6M5CO2O2
892,DIETETNO3
893,NC4CO3H
894,HO14MC5
895,C8BCCO
896,C1311NO3
897,C133OH
898,C118O2
899,C53O2
900,INB1CO
901,C137PAN
902,GAOOB
903,GAOOA
904,CHOOMCO3
905,HO1CO3C5
906,C53NO32O
907,C923OH
908,C624CO3
909,CL12CO3H
910,EPXMKTPAN
911,CLCOCH2OOH
912,MALDIALOOH
913,C923O2
914,C6CO34O2
915,C146O
916,BOX2EOHAO
917,DMEBMUCO
918,C7CODBPAN
919,PXNNCATCO
920,C927O
921,C3EDIALOOH
922,MACROHOOH
923,C88CO
924,TC4H9NO3
925,TM135O
926,C816OOH
927,TM135B
928,M2HEXAO2
929,MTCATEC1O2
930,DETLBIPRO2
931,MXYCATECH
932,INB1HPCO3
933,DDECNO3
934,MIBKHO4OOH
935,MET1OHNO2
936,M2HEXAOH
937,NISOPOOH
938,C54OOH
939,HIEB2OOH
940,C87CO3
941,C815CO2O
942,HO3C3CO3
943,LIMCOOH
944,CO2HO3C6
945,C3MNO3CO2H
946,C5MCO2OHO
947,C7DDCCO3
948,C7DDCCO2
949,HM33C3OOH
950,NTLFUO
951,CCL3CH2O
952,C1210O
953,CCLNO3COH
954,HEX2ONAO
955,DM124O2
956,C7ADCCO2H
957,COCL2
958,HOCH2CH2O
959,NIPBZOLOOH
960,C42AOH
961,CH3CH2CL
962,HOC3H6OH
963,EPXC4DIAL
964,NOPINDOOH
965,PXYBPER2OH
966,CHCL3OH
967,C5TRONCO3H
968,BPINCOH
969,C530NO3
970,OTCATECOOA
971,MXYBPEROOH
972,MTBEAOH
973,ACCOMECO3H
974,HO2MC5O2
975,NC71O
976,NMXYOLO2
977,C729CO3
978,PGLOOB
979,PGLOOA
980,TM123MUCCO
981,NMXYOLOH
982,MXYLCO3H
983,CH2CLCOCH3
984,CO2C4DIAL
985,NCRES1O2
986,TM124MUO3H
987,ISOPDO2
988,UDECO
989,BPINCO2
990,C726CO5O
991,MTBEAO2
992,OXYLOOH
993,MPAN
994,CHCL3O2
995,HMVKAOOH
996,MMCF
997,BOXPOLBOOH
998,HO2M2C5O2
999,BUTDAOH
1000,PXYLCO2H
1001,OXYLPAN
1002,OXYOLOH
1003,CHOC4CO3
1004,LIMBOO
1006,NC730O2
1007,BCLKCOOH
1008,IPROMCCO3H
1009,C62CO3H
1010,TOLUENE
1011,CHCL2CO3H
1012,BOXPRONBO
1013,LMLKAOOH
1014,LIMBO2
1016,BOXCOOLOOH
1017,NPBNZOLOOH
1018,BUTDAO2
1019,ECO3CO3H
1020,HO2M2C5OH
1021,NOETOL1O
1022,C6DCARBPAN
1023,TLCOBIPEOH
1024,MIBKOH34
1025,DMMALYOOH
1026,C915OH
1027,DM123OOH
1028,MTNCATECO2
1029,NBCOOH
1030,C915O2
1031,HO2M2C5NO3
1032,HO6C7O
1033,IPRACBCHO
1034,SBUACANO3
1035,ETOC2OOH
1036,C4DBM2CO3
1037,HPC52CO3
1038,TMBOH
1039,HM33C3CHO
1040,CHOCOCH2O2
1041,MXYBIPENO3
1042,ACR
1043,C520OOH
1044,HOC2H4CO3
1045,ACEC2H4OOH
1046,MET1O2
1047,HO2C6NO3
1048,MOCOCH2O2
1049,BUTDBO
1050,CYHXONAOOH
1051,C517PAN
1052,EOX2EOLAO
1053,OXNNCATCO2
1054,IPBZMUCCO3
1055,T124NNCTO
1056,C614OOH
1057,LIMALAO
1058,ACBUONEAO2
1059,IPROCHO
1060,M22C43NO3
1061,MEK
1062,C612OOH
1063,CO13C4CHO
1064,H1C23C4O
1065,C85O2
1066,T123NNCOOH
1067,C610OOH
1068,C102O2
1069,PEBQO
1070,C6H13CO3
1071,CH3CCH3OO
1072,INAHCO3H
1073,C4NO3COO2
1074,CO24C53OOH
1075,NISOPO2
1076,NMETOLO
1077,METCATECH
1078,MXYBIPERO2
1079,M3BU3EPAN
1080,C4M2ALOHO
1081,CO3C54CO3H
1082,NPETOLOOH
1083,C4OCCOHCO
1084,H2M2C4CO3
1085,CO13C3CO2H
1086,ISOPBO
1087,EPXMDLCO2H
1088,C126O
1089,OXY1O
1090,ETBECCHO
1091,PEAOH
1092,NDNPHENO
1093,DETLMUOH
1094,EOX2OLBOOH
1095,NBUTDAO2
1096,NBUTDAOH
1097,NPBFUONE
1098,CO3C54CHO
1099,NT123L1O
1100,ETOLO2
1101,C73OOH
1102,C5NO3CO4O
1103,NC101O2
1104,PEAOOH
1105,C125OOH
1106,C712O
1107,H1MC5OOH
1108,ISOPCOOH
1109,PRCOFORMO2
1110,TM135OLOOH
1111,C6OTKETOH
1112,H2M4C65NO3
1113,DMEPHOH
1114,C4MCO2O2
1115,MXYL1O
1116,H2M3C4CO2H
1117,M3PEBNO3
1118,HO2C4OOH
1119,C4MCO2OH
1120,C727CO3H
1121,EBZMUCO
1122,T123NNCTO2
1123,PRONO3BO
1124,OTNCATCOOH
1125,C6OTKETO2
1126,C925O
1127,INCOOH
1128,ISOPBOOH
1129,NDNCRESO
1130,NC730OH
1131,NOAOO
1132,C6DICAROOH
1133,IPMALANHY
1134,DNMETOLO2
1135,C516O2
1136,IC7DCCO3H
1137,IPRACBO
1138,IPBFUCO
1139,CO2HOC61O
1140,MEMOXYCO3H
1141,METOLO2
1142,METOLOH
1143,HO2C5OOH
1144,C33CO
1145,PRCOOMCO3H
1146,BCAL
1147,C1213NO3
1148,M2C43CHO
1149,M3C4CO3
1150,BRETO3
1151,C61OOH
1152,C64NO3
1153,C4NO3CO2H
1154,C5CO2DBPAN
1155,ETHFORM
1156,C131PAN
1157,DECO
1158,M2BKBOH
1159,NNCATECO2
1160,MBOBOOH
1161,C827CHO
1162,HOCOC4DIAL
1163,C1212O
1164,C123OH
1165,C515CO3
1166,C1313OH
1167,BOXPRONBO2
1168,ETBE
1169,OXYLCO2H
1170,C67CO3
1171,EPXALMKT
1172,TMBCHO
1173,BOXPRONBOH
1174,HO13C4OOH
1175,C1313O2
1176,C123O2
1177,EBZMUCCO3
1178,C519CO3
1179,M2BKBO2
1180,PXYL1O
1181,C7MCO2DBAL
1182,CH3CCL2OOH
1183,PHC3OH
1184,NC4H9O
1185,NBCO2
1186,OTNNCATOOH
1187,CO2C3CO3
1188,TM124MUNO3
1189,MIBKHO4CHO
1190,MXOHNO2OOH
1191,PXYMUCCO3
1192,HM22CHO
1193,BOXPRONE
1194,HEX2ONCO
1195,UDECOH
1196,DETLPOXMUC
1197,MTNNCATOOH
1198,CYHXOLANO3
1199,C5DIALOOH
1200,HO3C96OOH
1201,OETLMUCO
1202,NOETLQO2
1203,EPXKTMCO3H
1204,PHC3O2
1205,HCHO
1206,HO36C9
1207,HO36C8
1208,C102OOH
1209,C718OH
1210,PHCOMEO
1211,C6H5C2NO3
1212,NPHENOH
1213,T124NCATO2
1214,C613O2
1215,PRONOCOMO
1216,C831O
1217,CH2CLOH
1218,NLMKAO
1219,CLOHPAN
1220,C6H13CO2H
1221,CHOC3COCO3
1222,CO234C65O
1223,C1312NO3
1224,OXYMUCCO3
1225,C8CO4DB
1226,C102O
1227,NPHENO2
1228,C6CONO34O
1229,NORLIMO
1230,HO5C6O2
1231,C5PACALD2
1232,C5PACALD1
1233,CO1M22CO3
1234,NBZFUO2
1235,PHCOETOH
1236,NC4CHO
1237,C57NO3CO3H
1238,PCATEC1OOH
1239,C77CO
1240,MGLOO
1241,C823OH
1242,TCEOHOOH
1243,NC4H9OOH
1244,C817CO3H
1245,H13C43CO3H
1246,C823O2
1247,NBUACAOH
1248,NDNOXYOLO2
1249,C62NO33O
1250,C109O
1251,PHC3O
1252,C6CO2OHPAN
1253,MACRNBCO3H
1254,EMPOHNO2O2
1255,PHCOETO2
1256,NPHEN1OOH
1257,C811NO3
1258,C2H5CHO
1259,INDHCO3H
1260,CH2OHCL2O2H
1261,C2CL3OHBO2
1262,HIEB2O2
1263,NC728O
1264,TM124MUCOH
1265,MTCTEC1OOH
1266,C137OH
1267,C137O2
1268,TM124MUCO2
1269,TM124MUCO3
1270,C3MDIALOOH
1271,MXYLO
1272,CO2MC5OH
1273,C45OOH
1274,DDECO
1275,C6CO3HO4
1276,CH3COCCLO
1277,C151NO3
1278,C73O2
1279,C816CO3H
1280,C8CO2DBCO3
1281,ETOMEOOH
1282,PRCOOMOOH
1283,C816PAN
1284,NPBFUOOH
1285,C732O
1286,PTCTEC1OOH
1287,NDNPHENOOH
1288,TL4OHNO2O
1289,C517CO2H
1290,PXYMUCCO3H
1291,MECOFORMO2
1292,NOETOL1OOH
1293,HO2C54NO3
1294,MACRNCO3
1295,NPXYOL1O2
1296,C62O2
1297,IC4H9O
1298,BZEMUCNO3
1299,PXYBIPERO
1300,C3H6
1301,ACEETOHO2
1302,OXYBPER2OH
1303,HO7C8OOH
1304,C118CO
1305,C3H8
1306,BCKOOA
1307,BCKOOB
1308,C6135COOOH
1309,NPRACCOH
1310,MEBFUONE
1311,C124O
1312,BOXCOEOLO
1313,HO1C4O
1314,MPRKNO3
1315,NBUTOLANO3
1316,OETLMUCOOH
1317,HO5C5CO3H
1318,ETHFORMOOH
1319,EBENZO
1320,MOXYCOCHO
1321,TM135MUO3H
1322,C714O
1323,NLIMO2
1324,ACCOC3H6O
1325,IECCO3H
1326,C817CO
1327,CCLCONO3
1328,C56O2
1329,H2C3OCOH
1330,M3HEXBOH
1331,M3HEXBO2
1332,METLMUCO3H
1333,ACOMCOMOOH
1334,CHOC3COO2
1335,TM124BCHO
1336,HO3C96O2
1337,HO3C3CO3H
1338,C56OH
1339,DETLOBPROH
1340,M2PROPAL2O
1341,NC4EDCO2H
1342,MBOACO
1343,C6CYTONO
1344,BOXCOCHOO2
1345,C142O
1346,MXYQO
1347,MIBKAOHAO2
1348,HMVKBCO2H
1349,PXYLPAN
1350,C51NO32OOH
1351,DIET35TOL
1352,HC4CO3H
1353,C86O2
1354,MBOBCO
1355,C8CO2OHPAN
1356,CHOC2PAN
1357,PBZBPERNO3
1358,DM35EBOH
1359,C53OH
1360,HCOCOHCO3H
1361,BOXPOLAOOH
1362,NBUTDBO2
1363,NIPRBQOOH
1364,C5CO2DCO3H
1365,CISOPCO2
1366,HO34CO6C8
1367,OXYMUCCO
1368,NTMB2FUOOH
1369,DNOETOLO2
1370,M3CO5C6
1371,C9PAN1
1372,NC4CO2H
1373,C9PAN2
1374,MXCATEC1O
1375,C6OH5OOH
1376,PNNCATECO
1377,OXYEPOXMUC
1378,DNPBNZLO
1379,BOXCOCOMO2
1380,CYC613DION
1381,TM123MUCO2
1382,HOCO3C5OOH
1383,C4CODIAL
1384,IC3H7NO3
1385,NDNMXYLOOH
1386,INCNCO3H
1387,C7MCO3OHO
1388,T123CTCOOA
1389,TM123MUCOH
1390,C5NO3O4OOH
1391,BCSOZO
1392,H2C3OCOOH
1393,HEX3ONCO
1394,C615O
1395,CO356C10
1396,CO356C11
1397,CO356C12
1398,TDICLETH
1399,MC6OTRIKET
1400,CHOMOHPAN
1401,CLCOCCL2O2
1402,EGLYOOD
1403,BCALCOOH
1404,C6NO3CO5O
1405,METLMUCO2H
1406,BCALBO2
1407,HOCO3C4OOH
1408,C92O
1409,MVKOHAOH
1410,C7CO2OCO3H
1411,C4M2ALOHNO3
1412,C732PAN
1413,CO2C4GLYOX
1414,DIEK
1415,BCALBOH
1416,ETBECOOH
1417,BCALBOC
1418,TM135BP2OH
1419,MXYOHNO2O
1420,INANCO3
1421,C106OH
1422,C813O2
1423,HPC52CO3H
1424,MXYMUCCO
1425,CO25C73O
1426,HM2C43CO3
1427,C126CO3
1428,EIPK
1429,MACR
1430,PRCATC1OOH
1431,MACRNCO3H
1432,CCL3CH2OOH
1433,NC2OOA
1434,IBUTOL
1435,NBUACETBO
1436,BCOOA
1437,BCOOB
1438,C106O2
1439,CO3C4NO3
1440,CH3CHCLOH
1441,C617OOH
1442,CLCOCLMEO2
1443,HO1MC5OOH
1444,HO13C4O
1445,MO2EOLBO2
1446,IPROPOL
1447,C715CO2O
1448,MET1OOH
1449,M2BUOL2O
1450,MEKAOOH
1451,C1010NO3
1452,NOPINANO3
1454,MAE
1455,C1012NO3
1456,HO3C76O
1457,HOEMPHNO2
1458,DNCRESOOH
1459,APINBOOH
1460,C133OOH
1461,OETLMUCNO3
1462,C42CO3H
1463,C2OHOCOOH
1464,TMBPAN
1465,C58NO3
1466,BCALOOH
1467,BUT2CO2H
1468,BCALOOA
1469,C1010O2
1470,C126PAN
1471,C810OOH
1472,C622OH
1473,C527OOH
1474,CONM2CO3H
1475,NC4H9CHOOA
1476,C3COCCO3H
1477,HOCH2CHO
1478,C1010OH
1479,HO24C5O2
1480,C1H4C5CO2H
1481,ETHACETO2
1482,IEPOXC
1483,IEPOXB
1484,IEPOXA
1485,APINCOOH
1486,IPRACOOH
1487,CO2N3CO3
1488,C713OH
1489,C512OH
1490,C7M15CO2O
1491,IPRACBPAN
1492,MACO2H
1493,C122O
1494,NC91CO3
1495,M2PEBO
1496,CO123C5CHO
1497,C730O
1498,HO2C4CO2H
1499,TMB1FUOOH
1500,IPRCHOO
1501,C512CO2H
1502,CH2OHCL2O2
1503,CO23C54O
1504,HM2C43NO3
1505,INB1NACHO
1506,M33C4O
1507,ETHACETOH
1508,PRCOOETOH
1509,ISOPANO3
1510,PBZQO2
1511,BOXPROLAO
1512,EPXDLPAN
1513,C921O
1514,PBNZOHNO2
1515,C23O3MCOOH
1516,C923PAN
1517,C64OH5O
1518,C88CO2H
1519,CCL3CO3
1520,C6OTRIKET
1521,C928CO3
1522,HO3C86O
1523,HM33C3CO2H
1524,HO1C6O
1525,NOXYOL1OOH
1526,NPTLQO2
1527,NC4H9CHOO
1528,NDEMPHOLO
1529,OXYBIPERO2
1530,NPXYOLOOH
1531,PHCOOH
1532,C112OOH
1533,C5NO3COAO2
1534,THEX2ENE
1535,C6DCARBBO
1536,H1C23C4PAN
1537,NBUACBNO3
1538,IBUTALOH
1539,IPBZMUCPAN
1540,CH3CO3H
1541,PBZQOH
1542,INANO3
1543,C610OH
1544,M23C43O
1545,DMEBMUCO3
1546,DMEBMUCO2
1547,APINBOO
1548,M2BU2OLOOH
1549,CO235C6O2
1550,ETOLOOH
1551,IPBENZO
1552,PXYMUCCO
1553,TM135OBPOH
1554,M2HEXBOOH
1555,LMKBCO
1556,C520O2
1557,APINBO2
1558,C521O
1559,C7CO2M5O2
1560,MPRNO3CO2H
1561,C4OHCHO
1562,C610O2
1563,C141NO3
1564,T123CATECH
1565,PEN2ONE1O
1566,APINANO3
1567,C515CO
1568,HMACRO2
1569,IPCATECHOL
1570,PRCOFORM
1571,LMLKACO
1572,EBENZOL
1573,C811PAN
1574,ALLYLOH
1575,C87OOH
1576,C729PAN
1577,C141CO3H
1578,NLMKAO2
1579,C926O2
1580,CHCL2CHOH
1581,OETLMUCO2H
1582,EBENZO2
1583,C719NO3
1584,C127NO3
1585,C4NO32M1O
1586,IPROPOLO2H
1587,ETOC2O2
1588,EPXEKTCO3
1589,HMACROH
1590,EIPKBO
1591,NC8H18
1592,H1C23C4CHO
1593,LMKAOOH
1594,C929O2
1595,C6H5CH2CHO
1596,PROPGLY
1597,CO2C54CO3
1598,C6H5C2H4O
1599,IEC2OOH
1600,TM135BZOL
1601,OXYLOH
1602,OXYLOL
1603,SBUACAOH
1604,C524OH
1605,OXYFUONE
1606,CO23C4CO3
1607,C524O2
1608,SC4H9O
1609,OXYLO2
1610,CCL2OHCOCL
1611,C72O
1612,C621OOH
1613,TM124BO2
1614,CO1M22CO2H
1615,LMKBOOH
1616,C96OOH
1617,HOCHOCOOH
1618,PETLMUCPAN
1619,HEX3ONAO
1620,C617O
1621,CHOC3COOOH
1622,PACLOOA
1623,C52OH3OOH
1624,MMALNBCO2H
1625,C94O
1626,NMBOBCO
1627,C56NO3
1628,DNOETOLOOH
1629,MACROHO
1630,EBZBPERNO3
1631,C620OOH
1632,NBUTOLBOOH
1633,MIPKBOOH
1634,C624CO3H
1635,C97OOH
1636,PBZQOOH
1637,NPPRBQO
1638,CH3COCH2O2
1639,DM124OOH
1640,ISOPAOH
1641,C5DCO2CO3H
1642,PAN
1643,C77OH
1644,OXNCATECH
1645,OXNCATECO
1646,DETLMUO3H
1647,C77O2
1648,EBZMUCCO
1649,MPRKBOOH
1650,BCKSOZ
1651,PCATECOOA
1652,LIMAO2
1653,C733OH
1654,CCL3CH2OH
1655,M22C4OOH
1656,NPETLQO
1657,EPXMEDLPAN
1658,HMACO3
1659,C42OOH
1660,CH3CHOHCO3
1661,CO3C85OOH
1662,ETBEBOH
1663,C520OH
1664,MEMOXYCHO
1665,HO24C4CHO
1666,HOC3H6CO3H
1667,NIPBFUONE
1668,OCTOOH
1669,C6DIALO
1670,MACRNOOA
1671,MCOOTBOOH
1672,LIMAOH
1673,CCL3CH2O2
1674,EBZPOXMUC
1675,TM123OBPOH
1676,MIBKAOHBO
1677,CO3C4CHO
1678,C52OH
1679,DIETETHER
1680,C43NO3PAN
1681,NOPINCOH
1682,C829O2
1683,BUT2OLOOH
1684,C74O
1685,IPROACETO
1686,NOPINCO2
1687,C829OH
1688,C42MNO3OOH
1689,C52O2
1690,C722O2
1691,HC4ACO2H
1692,DICLETO2H
1693,C55O
1694,C7CDCCO2H
1695,C818O
1696,DNOXYOLO
1697,H2M2C65O2
1698,CO2C3CO3H
1699,DMKCOOH
1700,NC12H26
1701,M33C4NO3
1702,C65OH4OOH
1703,C4OH2CO3
1704,ACETC2H4O2
1705,IPEBOOH
1706,M2PEDO
1707,HOCH2CO3H
1708,C6EO2OHPAN
1709,PR2O2HNO3
1710,TLEMUCCO3H
1711,SBUACCOOH
1712,ME3BUOLO2
1713,C526NO3
1714,C6COCHOO
1715,CH3COCH2O
1716,M3BU3ECO3
1717,MXYQOH
1718,HEX2ONBO2
1719,C6H5CH2O
1720,LMKAO
1721,C87CO3H
1722,C84OH
1723,HO4C5CO3H
1724,MXYQO2
1725,MTBEAALNO3
1726,PHCOME
1727,PMALNHY2OH
1728,C732NO3
1729,C1011OH
1730,HO2C4CO3
1731,NOXYOLO2
1732,C6DCARBBO2
1733,METLBPROOH
1734,MPRKAO
1735,ETBEBO
1736,C536OOH
1737,HO1CO24C5
1738,HO1CO24C6
1739,EIPEO
1740,PETOH
1741,C5O5OHCO3H
1742,H3M3C5CO2H
1743,C527O
1744,NOXYOLOH
1745,C1011O2
1746,HC4CCO3H
1747,EIPKBNO3
1748,C5DICARB
1749,M23C4
1750,INB2O
1751,PXYLOH
1752,C3EDIALO2
1753,PXYLOL
1754,BCSOZOOH
1755,NC730O
1756,NT124L1O
1757,HMACROOH
1758,PE2ENEBO2
1759,OXYLNO3
1760,DM124OHNO2
1761,M2PEDNO3
1762,HO4C5CO3
1763,C531OOH
1764,C3H7CHOOB
1765,C3H7CHOOA
1766,CO3C5CO3
1767,BCSOZ
1768,ACEBUTBONE
1769,C7MCO3OHO2
1770,C3EDIALOH
1771,PXYLO2
1772,CO245C7
1773,PTLQCO
1774,BOXPOLBNO3
1775,CO2H3CO3
1776,NPBNZOLO
1777,CHOC4O
1778,MTBKOH
1779,NBUTDBNO3
1780,PNCATECO
1781,PNCATECH
1782,C4MCONO3OH
1783,C1013OH
1784,C5H11CHO
1785,C7DICARB
1786,C5DBECO3
1787,C108OOH
1788,NMXYOL1OOH
1789,CLGLYOX
1790,TMB2FUOH
1791,PRONEMOOOH
1792,DIBRETO2H
1793,TM123O2
1794,OETLQONE
1795,C4MCONO3O2
1796,C4PAN10
1797,CISOPAO2
1798,C62NO33O2
1799,C524OOH
1800,C31CO3H
1801,C4H9CO3
1802,C611O
1803,MTBKO2
1804,C7236CO
1805,SBUACONEO2
1806,HCC7CO
1807,PRONEMOX
1808,C2H5MECOO
1809,C61CO3H
1810,C23O3ECO3H
1811,TMBNO3
1812,PEBQO2
1813,BCCNO3
1814,NPETOL1O
1815,C77OOH
1816,NC101O
1817,C96O
1818,HO3C5CO2H
1819,C4OH2CO3H
1820,PPRBQONE
1821,BUTALO
1822,MIBK
1823,PEBQOH
1824,CCL2CH2
1825,INAHCO3
1826,NBUTOL
1827,C137OOH
1828,C525OOH
1829,C4CHOAO2
1830,C137CO2H
1831,MTNNCATCO2
1832,HO2C6O2
1833,NC71CO
1834,CHOC4OHO
1835,C4ME2OHO2
1836,C3DIOLOOH
1837,C45IC5CHO
1838,TM124OXMUC
1839,HCOCH2CHO
1840,PBENZOL
1841,NLIMALOH
1842,C614NO3
1843,C74OOH
1844,HEX3ONBOOH
1845,CNO3CLO
1846,BOXEOHBNO3
1847,TLBIPERO
1848,M2HEX
1849,MPRANO3O2
1850,C518CO3H
1851,PRNFORMOOH
1852,HM22C3CHO
1853,OXNCATCOOH
1854,ACBUONEBO2
1855,CYC6DIONE
1856,ACEC2H4NO3
1857,CYC6DIONO
1858,C4ALDB
1859,NTMB1FUO2
1860,HO13C3CHO
1861,C85CO3H
1862,BPINBOOH
1863,MXNCATCOOH
1864,C58NO3CO3
1865,C811OH
1866,C101O2
1867,ETHACETOOH
1868,HM22C3NO3
1869,C7DCO
1870,HO12C5
1871,NCRESO2
1872,C6CO134PAN
1873,PE2ENEANO3
1874,METLQOH
1875,MCATEC1O
1876,PXYOLOH
1877,CO2C54CO2H
1878,METLQO2
1879,PETOLOOH
1880,TC4H9O
1881,H3C25CCO2H
1882,H3C25C6OOH
1883,NCRESOH
1884,OETHTOL
1885,C829NO3
1886,C811O2
1887,HNMVKO
1888,OTNCATECO2
1889,MMF
1890,C610NO3
1891,NORPINAL
1892,C6H5CH2NO3
1893,CLETO2H
1894,C95OOH
1895,H3C25C6PAN
1896,DNEBNZLO
1897,PETOLO
1898,C23O3CCO2H
1899,PEANO3
1900,HYPROPO2H
1901,METLMUCNO3
1902,C9M3CO
1903,T124CATECH
1904,NDMMALYOOH
1905,INCNCHO
1906,C7MCO2OOH
1907,C57O
1908,H3M2C4CO3H
1909,OXYBIPENO3
1910,DMEBMUOOH
1911,NC61CO3H
1912,C517OOH
1913,CHOBR
1914,MTNNCATCO
1915,C89PAN
1916,C52NO31OOH
1917,NT124L1OOH
1918,CHOC4DOLO
1919,C134OOH
1920,C734O
1921,C2H5O
1922,APINOOB
1923,APINOOA
1924,C3M3OH2CO3
1925,NDNMXYOLO
1926,C113OOH
1927,HO7CO10C12
1928,DNPHENOOH
1929,ECO4
1930,C62CO3
1931,H2M4C65OOH
1932,C518CO3
1933,NBUACAOOH
1934,C148O
1935,C103OOH
1936,ME3BUT1ENE
1937,H13CO2CO3H
1938,IPRCHO
1939,C516OOH
1940,CO24C6O
1941,DNMETOLOOH
1942,C65NO36O2
1943,PHCHOO
1944,IECCHO
1945,M3PEAOOH
1946,M3PEBOOH
1947,MC3CODBPAN
1948,IPROMC2NO3
1949,OETLBPR2OH
1950,OETLBIPNO3
1951,C5O45OHCO3
1952,HO3C5CHO
1953,PROL11MO2
1954,MALANHYO2
1955,DMEPHOLOOH
1956,NDMMALYO2
1957,NPBFUO2
1958,LMKBO2
1959,CO25C6O2
1960,HO13C4NO3
1961,C4DBDIKET
1962,APINBCO
1963,TLFUONE
1964,C64OH5OOH
1965,C617CHO
1966,C136NO3
1967,IEB4CHO
1968,MMALNHYOOH
1969,NC4H9O2
1970,CO25C6OH
1971,LMKBOO
1972,CO234C6OOH
1973,C3DBCO3H
1974,C7BDICARB
1975,PETLBIPNO3
1976,C525O
1977,MTBKOOH
1978,C52OH1OOH
1979,HO24C5OOH
1980,HO3C96NO3
1981,GAOO
1982,BOXCOCHOO
1983,PXYLCO3H
1984,BUT2OLNO3
1985,T124CT1OOH
1986,M3C4CO3H
1987,C628O
1988,C51O2
1989,IECPAN
1990,HIEB1O
1991,INB1HPCO3H
1992,BPINENE
1993,C107OOH
1994,C51OH
1995,LMLKBO
1996,CH2CLO2
1997,C142OH
1998,MMALNBPAN
1999,PBFUO
2000,C3ME3CHO
2001,MXYFUOOH
2002,CHOC2CO2H
2003,MEKCO
2004,C618CO3H
2005,C613O
2006,C612O2
2007,EMALANHYO
2008,PHENOOH
2009,CHCL2CL2O
2010,NPETOLO
2011,ETOMECO2H
2012,C5124COCO3
2013,BCBO
2014,COHM2CO3
2015,CH3CHCLOOH
2016,C4M22CONO3
2017,LIMKET
2018,HO2C43CHO
2019,C531CO
2020,METOH
2022,PETLPOXMUC
2023,C53NO32CO
2024,C514NO3
2025,PPEN
2026,C612OH
2027,C6H5C2OOH
2028,C76O
2029,MO2EOLANO3
2030,ISOP34O
2031,EOCOCHO
2032,CO3H4CO3
2033,IPEBOH
2034,OETOLOOH
2035,ACCOPRONE
2036,C523OH
2037,CHCL2CL2O2
2038,M2PECOH
2039,H13M3CO4C5
2040,NC826O
2041,COHM2PAN
2042,CO45C5CHO
2043,CHOOCH2O2
2044,C98O
2045,C7BDCO2
2046,C64OH5NO3
2047,C7BDCOH
2048,NMBOBO2
2049,CHOOCH2OH
2050,CH3COCCLO2
2051,CHCL2CH2O2
2052,IBUTDIAL
2053,PBZBIPERO
2054,M2PECO2
2055,CHCL2CL2OH
2056,C729CO3H
2057,IPEBO2
2058,PRPAL2CO3H
2059,ETACETOH
2060,C1310CO
2061,LIMALNO3
2062,C5HPALD2
2063,C5HPALD1
2064,UDECOOH
2065,CO356OCO
2066,C84OOH
2067,HO2M2C4O2
2068,NC4H9NO3
2069,CH3CCH3OOA
2070,NMXYOL1O
2071,NC102O2
2072,ACCOMCOMO
2073,CL12PRBO
2074,IPBFUONE
2075,NAPINAOOH
2076,C101O
2077,C45NO3
2078,NLIMO
2079,LIMALO2
2080,C72OH
2081,METACETO2H
2082,DM123O2
2083,COCCOHNO3
2084,CH3CCL2OH
2085,HCOCH2OOH
2086,MCOCOMOOOH
2087,C63NO32CO
2088,C720OOH
2089,C7M6CO2OOH
2090,C7M6CO2OH
2091,NBZFUONE
2092,DMCO
2093,C7M6CO2O2
2094,ETOMENO3
2095,NIPBNZOLO2
2096,BUT2CHO
2097,HO2C3CHO
2098,CH3CCL2O2
2099,NOPINOOA
2100,C43NO34OOH
2101,EPXM2DCO3H
2102,C72O2
2103,COCCOHCO
2104,IP3ODBCO2H
2105,C23O3ECHO
2106,LIMALOH
2107,C7CO3OHO
2108,PE1ENEAO
2109,BUFORMO
2110,NDMMALYO
2111,C23O3CCHO
2112,INDHPCHO
2113,DMMALYOH
2114,C734CO
2115,HO1MC5O
2116,TM123BNO3
2117,MBOBO
2118,DMMALYO
2119,C23O3MOH
2120,C65NO36CO3
2121,C78OOH
2122,C4M2NO3OOH
2123,C5CO234
2124,PBZMUCCO2H
2125,INCNPAN
2126,C4CO2O2
2127,HO3C4CHO
2128,IPEAOOH
2129,NBUTOLAOOH
2130,OETLQO
2131,OETLPOXMUC
2132,DMMALYO2
2133,C5124COPAN
2134,HOC6H4NO2
2135,C4CO2DBCO3
2136,C66NO35O2
2137,DIEKAO2
2138,DECOOH
2139,C51O
2140,MBOANO3
2141,MNCATECH
2142,C8BCOH
2143,MNCATECO
2144,INB1OH
2145,IPRCOMO
2146,MO2EOLAO2
2147,NC5MDCO2H
2148,EBZBIPERO2
2149,C116CHO
2150,PEAO2
2151,NOPINCNO3
2152,MPRKAOOH
2153,C8CO3OHO2
2154,CO2M33CO3H
2155,CHOC2CO3
2156,HO3C6OOH
2157,INB1O2
2158,C1011OOH
2159,DMCOOH
2160,C8BCO2
2161,HO1CO34C5
2162,HO3C106O
2163,LIMCNO3
2164,DNMETOL
2165,NMGLYOX
2166,HM22C3OOH
2167,STYRENO
2168,STYRENE
2169,BRETO3H
2170,CO25C6CO3H
2171,C87OH
2172,C823O
2173,IPROMCCHO
2174,CH3SO
2175,CO23C54OOH
2176,C46CO3H
2177,C87O2
2178,BUTONENO3
2179,C5CO2OHCO3
2180,C58ANO3
2181,PERPINONIC
2182,NC4DCO2
2183,C830CO3H
2184,ECATEC1O2
2185,CHOCOCH2O
2186,C88OH
2187,C108O2
2188,C519O2
2189,H2C3OCO2
2190,BRETAL
2191,HEXBO
2192,CHCL3O
2193,C68NO3
2194,C108OH
2195,BZBIPER2OH
2196,C88O2
2197,ETBEACO3H
2198,C45O2
2199,C6CO3HO14
2200,HMPAN
2201,C7EDCO
2202,OETLMUCO2
2203,HO1CO3CHO
2204,H2C3OCNO3
2205,H13M3C5NO3
2206,C4CONO3OOH
2207,C6O4KETOOH
2208,ACEBUTONE
2209,C535OOH
2210,C147OOH
2211,DIIPRETNO3
2212,C131CO2H
2213,C645OH
2214,NMXYFUO
2215,CY6DIONOOH
2216,MTBEBOOH
2217,NC4IPDCO2H
2218,MIBKHO4O2
2219,H3NCO2CHO
2220,C7DDCCO3H
2221,MEKAO
2222,C828O
2223,C7ADCCO2
2224,C7ADCCO3
2225,C6H5O2
2226,EBFUCO
2227,INCCO
2228,CISOPCO
2229,PEBNO3
2230,C923O
2231,MC7CO2OOH
2232,C917OOH
2233,C4ME2OHO
2234,PRONFORM
2235,LIMALBOOH
2236,DMEBPR2OH
2237,CH3OCH3
2238,NDNPETOLO2
2239,H3M3C6O2
2240,HEX3ONCOOH
2241,MIPKAOOH
2242,C7CO3OHO2
2243,C1211OOH
2244,NAPINAO
2245,C812O2
2246,MIBKAOOH
2247,EMPHPAN
2248,OXYOLOOH
2249,C4M2ALOHO2
2250,M3BUTAL2O
2251,DETLBPROOH
2252,NMXYOLO
2253,H25M2C6
2254,C812OH
2255,OXYLAL
2256,C105O2
2257,C5CO23O2
2258,C718CO2H
2259,HOC4H8OH
2260,OXCATEC1O2
2261,NBPINBO2
2262,BOX2OHAOOH
2263,IPCATC1OOH
2264,C515PAN
2266,CH3OCHO
2267,C6DIAL
2268,C6NO3COOOH
2269,C6EO2OHCO3
2270,DNT123LOOH
2271,PXNCATECO2
2272,EIPEOH
2273,M2PEDOOH
2274,PRNO3PAN
2275,C6O4KETO
2276,C129OH
2277,C4ME2OHOOH
2278,MIPKBOH
2279,C4MCONO3O
2280,NC4MDCO2
2281,INCO
2282,H25M3C6
2283,MIPKBO2
2284,ME3BUOLOOH
2285,MTCATECOOA
2286,EPXKTMCO2H
2287,HO3C96O
2288,C152O
2289,EIPEO2
2290,CH3O2NO2
2291,C136OOH
2292,C88CO3
2293,C823CO3
2294,NMBOBOOH
2295,C103O
2296,DIEKAOH
2297,C66NO35OH
2298,HOC2H4CHO
2299,PHIC3OH
2300,HEXAOH
2301,PHCOMEOOH
2302,C141CO2H
2303,C4DBMEPAN
2304,DNMXYOL
2305,SBUACETAO
2306,C3ME3CO2H
2307,HEXAO2
2308,PHIC3O2
2309,C61CO3
2310,PXNCATCOOH
2311,HOIPRCO3
2312,PE1ENEBNO3
2313,C535O
2314,APINBNO3
2315,OETLBIPRO2
2316,HCOOH
2317,C58NO3PAN
2318,BZFUONE
2319,NMEBFUO
2320,C5CO23CHO
2321,C4CHOAOOH
2322,C4ME3HO12
2323,BPINBO
2324,HO3C126O
2325,C718NO3
2326,C810NO3
2327,C710O2
2328,HOCH2CO3
2329,C512CO3
2330,CH2OOG
2331,CH2OOF
2332,CH2OOE
2333,CH2OOD
2334,CH2OOC
2335,CH2OOB
2336,CH2OOA
2337,CO3H4CO3H
2338,C63OOH
2339,C4NO3CHO
2341,PETLBIPRO
2342,BUT2OLO
2343,NMETOL1O
2344,C511OOH
2345,MC4CODBCO2
2346,MC4CODBCO3
2347,PRCOOMO
2348,ETOMEO
2349,CLOHCO2H
2350,NBUACBOOH
2351,PXYMUCOOH
2352,MPRBNO3O
2353,C53O
2354,C828CO3
2355,MEKAO2
2356,IPNNCATCO2
2357,PE2ONE1OOH
2358,MC7CO2O2
2359,METLBIPRO
2360,C68O
2361,ACETMECO3H
2362,MC7CO2OH
2363,LIMALAOOH
2364,MEKAOH
2365,C65OOH
2366,C7DCOOH
2367,PROL1MCHO
2368,C4MCO2O
2369,H1CO23CHO
2370,NMXYFUOOH
2371,DMSO2
2372,HEX3ONE
2373,C929O
2374,HOC4CHOO
2375,C126OOH
2376,MPHCOMEOOH
2377,C82O
2378,C617OH
2379,DIEKAO
2380,NLIMOOH
2381,CH3CCL2O
2382,C821O
2383,C522CO2H
2384,C7DCCO3H
2385,CHCL2CHCL2
2386,HOCH2CH2O2
2387,NSTYRENEO
2388,CO12C4CHO
2389,IEAPAN
2390,C617O2
2391,DETLMUCO
2392,BUTALNO3
2393,DE35TNO3
2394,C729O
2395,ME3BUOL
2396,COC4NO3OOH
2397,NCATECHOL
2398,ETBEAPAN
2399,C622CO3
2400,MACROHO2
2401,C629OOA
2402,C127OOH
2403,ETOLNO3
2404,NPXYQOOH
2405,H1C23C4CO3
2406,C823CO3H
2407,ETACETNO3
2408,C711OOH
2409,CH3SO2CHO
2410,BUTALAO2
2411,CH3CO2H
2412,CL2OHCHO
2413,EMPHCOMOOH
2414,C3COCCHO
2415,APINAOOH
2416,IPMLNHYOOH
2417,CO25C6
2418,CO25C7
2419,C928O2
2420,C4CHOBNO3
2421,C715OOH
2422,C5DBCOCO2H
2423,HO3C4O2
2424,C6CO3OH5O
2425,NMETOL1OOH
2426,C3DIALO2
2427,EPXEKTCO2H
2428,EMPHOOH
2429,ACETMEPAN
2430,CPENT2ENE
2431,NORLIMOOH
2432,DNOETOLO
2433,MCOOTBO
2434,NOPINBOOH
2435,NDNT123OOH
2436,C57AO2
2437,HO3C4OOH
2438,C114OOH
2439,C519OOH
2440,BOX2E2OH
2441,NBUTOLBNO3
2442,ECO3CO3
2443,INB2O2
2444,BCALCCO
2445,TM123OLO
2446,C624O
2447,C6O4KETO2
2448,PBENZOOH
2449,CH3COCL
2450,NIPRBQO2
2451,M2BUOL2NO3
2452,DNT124LOOH
2453,DIETETOH
2454,PINONIC
2455,HM22C4NO3
2456,C2OHOCO2H
2457,C85OOH
2458,ISOPBOH
2459,C135O2
2460,HOBUT2CO2H
2461,HPC52O2
2462,CISOPAO
2463,CCL3CO3H
2464,BCALCO
2465,C47PAN
2466,C69OOH
2467,ISOPBO2
2468,C6COCHOO2
2469,BOXPR2OH
2470,C6TRONOHO
2471,C126OOA
2472,M3HEXBO
2473,DIIPRETO
2474,PHPTN
2475,PRONFORMO
2476,MCOOTBNO3
2477,PBZMUCO2
2478,C5134CO2OH
2479,CHCL2CO3
2480,C4CONO3O
2481,H3M3C6O
2482,C519O
2483,OCTNO3
2484,INAO
2485,C76O2
2486,NC524O
2487,TMBCO2H
2488,C151O
2489,DMEBMUO3H
2490,CH2CL3O
2491,NCATECO2
2492,M2PEANO3
2493,EOX2OLAOOH
2494,M22C4NO3
2495,C51OH2CO
2496,INAHPCO3H
2497,PBZMUCOH
2498,C105O
2499,CHCL2CH2O
2500,C721CO3
2501,IPRMEETO2
2502,IPBENZOOH
2503,HYPROPO2
2504,MVKO2
2505,PHCOCOME
2506,EBZBPER2OH
2507,OXYMUCCO3H
2508,C5CO234OOH
2509,MVKOH
2510,C89OOH
2511,ACETC2CO3
2512,MVKOO
2513,C8DBCO2PAN
2514,C721O2
2515,C537O
2516,NNCATECO
2517,NC3CO2H
2518,NCRESOOH
2519,IPRMEETOH
2520,NMETOLOH
2521,CH3COPAN
2522,TM135BPOOH
2523,C619OOH
2524,C519CO2H
2525,CH2CHCH2O2
2526,TBOCOCH2O2
2527,TBOCOCH2OH
2528,NC72OOH
2529,PTCATEC1O2
2530,OXYMUCO
2531,NDEMPLOOH
2532,C622CO3H
2533,BOXCOALOOH
2534,HO25C7
2535,HO25C6
2536,DMEBIPRO
2537,C5124COO
2538,NMETOLO2
2539,HO2C54O2
2540,PROL11MOOH
2541,BZOBIPEROH
2542,NO3CH2CO2H
2543,C51NO32O
2544,HOC3H6CHO
2545,C618CO3
2546,NIPRBQO
2547,ACCOCOMEO2
2548,NMEBFUO2
2549,C42CHO
2550,CLCO2H
2551,H2M5C65OOH
2552,C4M3NO32O
2553,HOC4CHOOOH
2554,MALDIALO2
2555,HEX3ONDNO3
2556,M2HEXBO
2557,BOXMCO2H
2558,MTBEAO
2559,C1012OH
2560,C69OH
2561,MXYEPOXMUC
2562,CO235C6CO3
2563,CO2C3OOA
2564,PHCOET
2565,BCKBO
2566,OETOLO2
2567,NC7H16
2568,C145O2
2569,CH2CLCH2OH
2570,C827O
2571,NOXYOLO
2572,EOX2COMEOH
2573,CH2CLCH2O2
2574,C145OH
2575,EPXMEDCO3H
2576,C106NO3
2577,OETOLOH
2578,C41OH
2579,NPROACEBO
2580,MBOAO2
2581,C732OOH
2582,C1012O2
2583,C69O2
2584,C615CO2O
2585,C615CO2H
2586,CO1C6O
2587,C5CO234O
2588,ECATECHOL
2589,C7ADCOOH
2590,C924OOH
2591,PRONFORMO2
2592,IC4H9NO3
2593,C131O
2594,C8CO3OHO
2595,NBUACCNO3
2596,PROPACID
2597,IBUTOLBO2
2598,PINALO
2599,NC1313O
2600,C1210NO3
2601,C5EDBPAN
2602,DMMBOOH
2603,HO5C6CO3H
2604,METACETHO
2605,MXYMUCCO2H
2606,C524NO3
2607,C14O3PCHO
2608,C67NO3
2609,PETHTOL
2610,M3PECNO3
2611,MC6CO2O
2612,CO2C5OH
2613,C7M2CO5O
2614,MTBEALCO2H
2615,C3MCOCO2H
2616,C65OH4O
2617,C5CO23OOH
2618,NONO2
2619,NONOH
2620,C23C54CHO
2621,CO2M33CHO
2622,ISOP34NO3
2623,H3M3C4CO3
2624,ETBEBO2
2625,TM123BPRO2
2626,NBUTDBOOH
2627,C31CO3
2628,C92O2
2629,C822CO2H
2630,C924CO
2631,C619O
2632,OXYMUCO2
2633,C716O2
2634,BUOHFORM
2635,TM135MUPAN
2636,INCOH
2637,PRCOOPROL
2638,INCO2
2639,NOXYQOOH
2640,C716OH
2641,TM124O
2642,C4MCO2OOH
2643,OXYMUCOH
2644,C626O
2645,TM124B
2646,C121O2
2647,METLQONE
2648,MXYOLO
2649,OXYL1OOH
2650,TM124MUCO
2651,H3M3C6OOH
2652,C619CO
2653,TMBOOH
2654,HO3C126OOH
2655,ACRO2
2656,BCKBNO3
2657,C4NO32MOOH
2658,C533OOH
2659,BPINANO3
2660,C626CO2H
2661,EGLYOOB
2662,BUTDCOOH
2663,T124NCATO
2664,M22C43OH
2665,M22C43O2
2666,NC3H7OOH
2667,BCALAO
2668,M2BKAO
2669,DETLMUNO3
2670,ACROO
2671,DNOETOL
2672,PINALNO3
2673,PE2ENEBNO3
2674,DIEKAOOH
2675,C3M3OHCO3H
2676,C136CO3H
2677,C7CO2DBPAN
2678,ETOMEOH
2679,CO1M22PAN
2680,NC526O
2681,PETLQOOH
2682,C42CHO2O
2683,C23O3MCPAN
2684,TLEMUCO
2685,PRCOOMO2
2686,C511CO3
2687,T123CAT1O2
2688,METHCOACET
2689,PXYLNO3
2690,CL12PRAOOH
2691,KLIMONIC
2692,TLEMUCCO3
2693,MC6CO2OOH
2694,C107O
2695,HCOCO
2696,MALDIALO
2697,C96NO3
2698,C526O2
2699,NT124L1O2
2700,DNT124LO
2701,C143OOH
2702,M2BUOL2OOH
2703,TM124OOH
2704,MXYMUCO2
2705,HO2C54CO2H
2706,C58NO3CO2H
2707,MXYMUCOH
2708,C7DCCO2
2709,C7DCCO3
2710,C116CO
2711,C821O2
2712,C531O
2713,C6H5O
2714,C512OOH
2715,HCOC5
2716,C113NO3
2717,MBKCOOHOOH
2718,PHIC3OOH
2719,C7EDCO2
2720,EPXMKTCO2H
2721,PBFUO2
2722,BCKBO2
2723,C4MOHOCO3
2724,TLFUO2
2725,C139OH
2726,H2MC5NO3
2727,IPEANO3
2728,OCCOHCOH
2729,NDNIPBZLO2
2730,NDNMXYOLO2
2731,C622O2
2732,OCCOHCO2
2733,C59O2
2734,TLFUOH
2735,C139O2
2736,C112O2
2737,NMXYFUO2
2738,MTBEACHOO
2739,CHCL2PAN
2740,C23O3MCO3H
2741,BCKBOO
2742,C7EDCOH
2743,HPNC524CO
2744,PBFUOH
2745,ACCOMECHO
2746,COO2C3CO3
2747,OXYLO
2748,HMVKBO2
2749,IPRACBCO2H
2750,BIACET
2751,DMEBMUPAN
2752,APINAO2
2753,HCOCO3H
2754,NOXYOLOOH
2755,OXYBPEROOH
2756,C3ME3CHOO2
2757,C7MOCOCO3H
2758,DETLBIPRO
2759,C64O
2760,M33C3CHO
2761,NOETOL1O2
2762,PRONOCOMO2
2763,LIMONONIC
2764,C65NO36OOH
2765,NBPINBO
2766,NC91CO3H
2767,C4MOHOCO3H
2768,ENCATECOOH
2769,EOX2EOLBO
2770,C5CO34CO3
2771,PBZQCO
2772,C86O
2773,PRCOOPRONE
2774,NONO
2775,CH3OOH
2776,CH3SCH2OOH
2777,H2MC5O
2778,CH2CLO
2779,CO3C85O
2780,CH2CL2
2781,PHENO
2782,IPRACBNO3
2783,C2H6
2784,C2H4
2785,C2H2
2786,C6CO2M2OH
2787,CO13C4OH
2788,HM33C3O
2789,MPRBNO3CO3
2790,C626CHO
2791,OXYMUCPAN
2792,C728OH
2793,C712OOH
2794,INANCO
2795,NC728O2
2796,CH3COCLOOH
2797,C4NO3COOOH
2798,C133O
2799,CBUT2ENE
2800,DNOXYOL
2801,C65NO3PAN
2802,NDNOETOLO2
2803,COO2C3CO3H
2804,HM2C43CO3H
2805,CO1H63OOH
2806,NC728OH
2807,HO3C5OOH
2808,C728O2
2809,HO14CO2C4
2810,MO2EOLAOOH
2811,HO2C54OOH
2812,C41NO3
2813,C928OH
2814,PPN
2815,PXYLAL
2816,CO1C6O2
2817,HEX3ONDOOH
2818,C727O2
2819,IPBENZO2
2820,C915OOH
2821,TBUT2ENE
2822,CO36C9
2823,CO1C6OH
2824,IPBENZOL
2825,MALANHYO
2826,CHOOMCO3H
2827,TM124BCO2H
2828,DNT124LO2
2829,MO2EOLBOOH
2830,NDNIPBLOOH
2831,H2M5C65NO3
2832,NPBNZ1O
2833,PBENZOLOH
2834,PETOLOH
2835,NEBFUO
2836,NC4DCO2H
2838,PETLMUCO3H
2839,C116CO2H
2840,C42NO33O
2841,C914OOH
2842,LMLKAO2
2843,APINCO
2844,LMLKAOH
2845,CHOC4OHOOH
2846,IPRBQOH
2847,CH3SO2OOH
2848,EPXMALKT
2849,C620O
2850,MNO3COC4O2
2851,IPEAO2
2852,PBENZOLO2
2853,APINENE
2854,CHEXO2
2855,C45O
2856,C6PAN18
2857,C6PAN19
2858,HEXBOOH
2859,C6PAN10
2860,C6PAN11
2861,C6PAN12
2862,C6PAN13
2863,C6PAN14
2864,C6PAN15
2865,C6PAN16
2866,C6PAN17
2867,C916O2
2868,PGLYOX
2869,C6H5CH2OH
2870,C23O3EOH
2871,ACCOCOMEO
2872,C23O3EO2
2873,M2BKBOOH
2874,C6H5CH2O2
2875,C916OH
2876,C4M2NO32O
2877,HM33C4OOH
2878,C919OOH
2879,EPXDLCO3H
2880,LIMALOOH
2881,NC2OO
2882,LIMALOOA
2883,OXYQO
2884,NLIMALOOH
2885,IC4H9O2
2886,PBZMUCCO
2887,C914CO
2888,CHOOCHO
2889,C515O
2890,TM124MUPAN
2891,NEBNZOLO
2892,C813OH
2893,C918CO3
2894,DM35EBO2
2895,ACBUONEBO
2896,PEBQOOH
2897,NEOPO
2898,C131OOH
2899,HOCO4C5OOH
2900,PR2OHMOX
2901,PETLBPROOH
2902,C53NO32OOH
2903,IPECNO3
2904,HO36C12
2905,C66CO
2906,ACETC2H4O
2907,C8OHCO2PAN
2908,CCLNO3CO
2909,OXYLCO3
2910,C6HOCOOOH
2911,HO2C54CHO
2912,CO2C4CO2H
2913,NDNT124OOH
2914,C47CHO
2915,C618OOH
2916,OETLBPROOH
2917,MSA
2918,CO2C4CO3
2919,C58AO
2920,CO3C75O2
2921,CHOOCH2NO3
2922,C534O2
2923,C818OH
2924,C720NO3
2925,NPEBQO
2926,C1012O
2927,C818O2
2928,H3C2C4CO3H
2929,C4COMOHOOH
2930,TM123BOOH
2931,IPMLNHY2OH
2932,ECO3PAN
2933,C533O
2934,C61CO
2935,C6M5CO2OOH
2936,BCLKBOH
2937,NC826OH
2938,C128OH
2939,HEX3ONANO3
2940,BCLKBOC
2941,M23C4O2
2942,CHOPRNO3
2943,C1011NO3
2944,HM22COCHO
2945,PENTACID
2946,MACROH
2947,MACROO
2948,ETHO2HNO3
2949,HM33C4OH
2950,CH2OHCCLOH
2951,C732CO3
2952,CH2OHCCLO2
2953,NBZQO2
2954,HM33C4O2
2955,MACRO2
2956,C2H5CHOO
2957,BOX2COMOH
2958,NPETOL1O2
2959,MXYOBPEROH
2960,IPNCATECO2
2961,DECNO3
2962,M23C4OH
2963,C4ECO2O
2964,C128O2
2965,C822OOH
2966,BCLKBO2
2967,IPEBO
2968,TOL1OHNO2
2969,EOX2ETB2OH
2970,HO2C6O
2971,CH3OCH2OOH
2972,C731CO3H
2973,MPRANO3OOH
2974,C59O
2975,NBZQO
2976,C65O2
2977,CO2H3MCO3H
2978,MECOACETO
2979,HOIBUTCHO
2980,PEBO2
2981,PEBOH
2982,NTM123OLO
2983,C65OH
2984,C14O3IPCHO
2985,DNEBNZLOOH
2986,CCL3PAN
2987,C61NO3
2988,HOCO3C54O2
2989,NBUTDAO
2990,MXNNCATCO2
2991,CLCOCLOOH
2992,C1311O
2993,C1012CO
2994,C6COCHOCO3
2995,NC91PAN
2996,C3EDIALO
2997,PTLQO
2998,C89CO3H
2999,CCL2CL2OOH
3000,HMVKAO
3001,IPBZBIPRO2
3002,C927OOH
3003,CL12PAN
3004,OET1O2
3005,HO24C4CO3H
3006,C510O2
3007,INB1NBCHO
3008,C715O2
3009,C67OH
3010,C7ADICARB
3011,C1211CO2H
3012,MTBEBNO3
3013,PXCATECOOA
3014,C1014O2
3015,HC3CO3
3016,C2CL2OHO2
3017,HO124C5
3018,C4OCCOHCOH
3019,C135O
3020,C1011CO
3021,MO2EOLA2OH
3022,C96OH
3023,C5NO3CO4O2
3024,C96O2
3025,C5NO3CO4OH
3026,CO2M3C4CO3
3027,PECOOH
3028,C4NO3OCO
3029,C51CO3H
3030,C4OCCOHCO2
3031,DEC3ONE
3032,C113O
3033,NPXYFUO2
3034,CH3CHCLO
3035,LIMALBCO
3036,TM124OLO2
3037,C918PAN
3038,HO3C126O2
3039,PTLQOH
3040,C4CHOBO2
3041,C821OOH
3042,C622OOH
3043,C4CO2O
3044,C1210PAN
3045,M22C3CHO
3046,HO2C5O2
3047,HC4PAN
3048,C6NO3CO4OH
3049,HO2C5OH
3050,ECATEC1O
3051,CHEXNO3
3052,CO25C6O
3053,C923OOH
3054,HEX2ONBOOH
3055,PEBOOH
3056,PTLQO2
3057,HO2CO4C5
3058,TM124OLOH
3059,C137NO3
3060,CLETO3
3061,HO1C6NO3
3062,C1011CO2H
3063,C924OH
3064,C830PAN
3065,C920PAN
3066,NMBOBO
3067,PR2OHMOOOH
3068,C53OH2OOH
3069,PROH2MOX
3070,C622O
3071,APINAO
3072,C924O2
3073,DMPHO2
3074,C126OH
3075,IPRHOCO3H
3076,ETHFORMNO3
3077,DIEKBOOH
3078,C619O2
3079,CL12PRCOH
3080,PBZMUCO
3081,NOPINBO
3082,TM124BPAN
3083,C817NO3
3084,SBUACCOH
3085,NONNO3
3086,C5DBECO3H
3087,C64NO335CO
3088,PTLQOOH
3089,EMALANHYO2
3090,HO3C116O
3091,CL12PRCO2
3092,C6CO2OHCO3
3093,C6M5CO2O
3094,TM123BCO2H
3095,HOACETEOOH
3096,C7ODLBCO3H
3097,C83OOH
3098,C4MOHOPAN
3099,M2PE
3100,C51NO3
3101,C628OOH
3102,C628OOA
3103,EBENZOLO
3104,CH3COCO2H
3105,C142OOH
3106,ENCATECO2
3107,C6CYTONOOH
3108,C6125CO
3109,BZFUOH
3110,C513O
3111,NC3CHO
3112,PXYBIPENO3
3113,BZFUO2
3114,CH3CO3
3115,DIEKBO2
3116,PMALANHYO2
3117,C813NO3
3118,CO356C9
3119,ACETC2CO3H
3120,HO3CO6C7
3121,C1014OOH
3122,TM124BNO3
3123,CHEX
3124,HO3CO6C8
3125,HOC2H4CO2H
3126,C116O2
3127,PE2ENEAO
3128,BUTDCO2
3129,C1013CO3H
3130,C2CL2OHOOH
3131,BZFUONOOA
3132,C729OOH
3133,CCLNO3COOH
3134,PXYOLOOH
3135,PR2OHMOXO2
3136,PXYL1OOH
3137,HC4CCHO
3138,MMFNO3
3139,C718OOH
3140,CHOOCH2O
3141,C75O2
3142,OTCTEC1OOH
3143,C1010O
3144,C5H11CO3H
3145,MXY1O
3146,C116OH
3147,C54CO3
3148,HC4CHO
3149,C617CO3H
3150,NIPBNZ1OOH
3151,C122OOH
3152,TMB1FUO
3153,HC4CCO3
3154,HOACETETO
3155,C6COCHOPAN
3156,PHCOETO
3157,C630O
3158,BOXPROANO3
3159,COHM2CO2H
3160,C816CO3
3161,M2PEAO2
3162,C6CO3MOH
3163,M2PEAOH
3164,BUTDAOOH
3165,IPBNZOHNO2
3166,C4CHOBO
3167,C41CO2H
3168,DMMAOOH
3169,TMB2FUONE
3170,BCKBCO
3171,C7EDCCO
3172,C123OOH
3173,EPXKTMCO3
3174,ME2BUT2ENE
3175,C132O2
3176,C3DBPAN
3177,MIBK3COO
3178,HO2C4O
3179,MIBK3CO
3180,BUTALO2H
3181,C3DIOLO2
3182,DMEBIPRO2
3183,TMBO
3184,C137CO3
3185,M33C3CO3H
3188,M2PEAOOH
3189,C512PAN
3190,C1313O
3191,C132OH
3192,NPROPOL
3193,M2C43CO3H
3194,C517CHO
3195,HO6C7O2
3196,NPXYQO
3197,C65NO3CO2H
3198,MCOCOMOX
3199,TLEMUCPAN
3200,C109CO
3201,C6CONO3OOH
3202,METLMUCO
3203,CATEC1O2
3204,ACCOCOC2H5
3205,C2H5NO3
3206,C729CHO
3207,C721O
3208,HO2MC5O
3209,IPRGLYOX
3210,CO24C6
3211,CO24C5
3212,NOPINBNO3
3213,HO3C5O2
3214,NOXYOL1O
3215,C7DDCPAN
3216,IBUDIALPAN
3217,M2HEXBO2
3218,H2M2C4CO3H
3219,NBUTOLAO2
3220,C4NO32M2O2
3221,C916O
3222,INAHPCHO
3223,C137O
3224,C829O
3225,NBUTOLAOH
3226,DDECOOH
3227,M2HEXBOH
3228,MACROOH
3229,C716O
3230,C111O
3231,TC4H9OOH
3232,C4MDIAL
3233,PR1O2HNO3
3234,ETBEACO3
3235,PGLYOXOH
3236,C4CHOBOOH
3237,TLEMUCO2
3238,PXYFUONE
3239,PNCATECOOH
3240,BCKAO
3241,CO24C53O2
3242,NDNPHENO2
3243,C5MEJPAN
3244,NDMEPHOLOH
3245,NMETOLOOH
3246,PTCATECOOA
3247,CO25C6CHO
3248,C6DICARBO
3249,C43NO3CO2H
3250,HM33C3NO3
3251,NDMEPHOLO2
3252,TLEMUCOH
3253,C7DDICARB
3254,IPBZOBPROH
3255,MOCOCH2O
3256,HEXANO3
3257,C614CO
3258,NC11H24
3259,C625OH
3260,TM124OLO
3261,IPRFORMO
3262,ETHACET
3263,DICLETOH
3264,M33C3CO3
3265,ENNCATECO2
3266,DICLETO2
3267,M2BKANO3
3268,IPNCATCOOH
3269,INAHPCO2H
3270,NDNPBNZLO
3271,TM124QONE
3272,C625O2
3273,C811OOH
3274,C622PAN
3275,C826CO3O
3276,M3PE
3277,CH3CCH3OOC
3278,CH3CCH3OOB
3279,M2HEXANO3
3280,CH2CLCOOH
3281,BCLKAOOH
3282,HO3C86O2
3283,TM123OLOOH
3284,C6H13CHO
3285,C41O
3286,CHOMOHCO3H
3287,T123CT1OOH
3288,MXYQONE
3289,OETLQOH
3291,C3H7CO3
3292,ME2BUOLOOH
3293,OETLQO2
3294,INANCO2H
3295,CO24M3C5OH
3296,HO6CO9C11
3297,MBOCOCO
3298,IPRMEETO
3299,ME3BUOLO
3300,ISOPDOH
3301,HO2M2C4OH
3302,EOX2MECO3
3303,PECNO3
3304,C1212OOH
3305,C4PAN1
3306,C4PAN2
3307,C4PAN3
3308,C4PAN4
3309,C4PAN5
3310,C4PAN6
3311,C4PAN7
3312,C4PAN8
3313,C4PAN9
3314,C914OH
3315,ETOC2NO3
3316,HO2M2C5OOH
3317,EIPKAOOH
3318,C512O2
3319,PROPALOOH
3320,C511O
3321,C1310OH
3322,CHOC3COO
3323,HMGLOOA
3324,C817O
3325,C713O2
3326,INB1NBCO2H
3327,MXYFUO
3328,HO3C5O
3329,C2CL3HOOOH
3330,NOPINAOOH
3331,CO23C65O2
3332,C5COO2NO2
3333,C914O2
3334,C1214O
3335,NAPINAO2
3336,C921OOH
3337,BCLKBO
3338,CO356OCOOH
3339,C61OH
3340,C734OOH
3341,MMALANHYO2
3342,NORLIMO2
3343,C6H5C2CO2H
3344,HO2M2C5O
3346,C614CO23OH
3347,NTM124QO2
3348,C63NO32O2
3349,PRONO3AO2
3350,C10PAN1
3351,C10PAN2
3352,C23O3MO
3353,PEBO
3354,H13C43CHO
3355,ACPRONEOOH
3356,C3DIALO
3357,TLBIPERNO3
3358,MCOCOMOXO
3359,C61O2
3360,CYHXDIOLA
3361,ETOMEPAN
3362,HEX3ONBO2
3363,TMB1FUOH
3364,HO5C5CO3
3365,CO25C73O2
3366,MXYMUCNO3
3367,C630OOH
3368,HO3C3CHO
3369,CH3SO2O2
3370,NNCATECOOH
3371,METLPOXMUC
3372,HO1C3OOH
3373,C818CO
3374,MXNNCATOOH
3375,C1310OOH
3376,IEB1CHO
3377,EBFUONE
3378,TM123BCHO
3379,MACRNCO2H
3380,CO25C73OH
3381,HO14M3C5
3382,TMB1FUO2
3383,EPXMDLCO3
3384,C128CO
3385,CH2OHCL2O
3386,NDNCRESOOH
3387,MIBKAO
3388,C732O2
3389,OETOH
3390,C144O2
3391,H3C25C6OH
3392,H3C25C6O2
3393,IPRFORMNO3
3394,M3C4CHO
3395,C732OH
3396,CO3H4CHO
3397,C6COHOCHO
3398,C5EDBCO3
3399,NAOO
3400,C62O
3401,C4DBM2PAN
3402,CH3CLCOCL
3403,CYHEXOL
3404,HM33C3O2
3405,TLBIPEROOH
3406,CO3C5CO3H
3407,ISOPBNO3
3408,C93NO3
3409,MMFO
3410,NBUTOLAO
3411,NOXYFUO
3412,C825CO
3413,C1215O
3414,NC524NO3
3415,CONM2CO3
3416,IC4H9OOH
3417,BZBIPERNO3
3418,C23O3MCO3
3419,NC102OOH
3420,H3M3C5CO3
3421,CCL3O
3422,MEKCOH
3423,EOCOCH2O
3424,TM124BP2OH
3425,CHCL2COCL
3426,C139O
3427,NOPINDCO
3428,C2H5OOH
3429,C5M2OHOCO3
3430,HM22C3CO3H
3431,TBUTOL
3432,C87CO
3433,C88O
3434,NDNOXYLOOH
3435,C518PAN
3436,H3M3C5O2
3437,C824CO
3438,DMEBMUOH
3439,MEKCO2
3440,C117O
3441,C923CO3H
3442,IPRMETOOH
3443,NOETOLO2
3444,MO2EOLAO
3445,C717O2
3446,C521O2
3447,PXYFUOH
3448,DNPXYOLO
3449,INDOH
3450,INDO2
3451,C914O
3452,HO3C106O2
3453,ALCOMOXOOH
3454,PXYFUO2
3455,IPBZMUCO2H
3456,C4COMOHPAN
3457,PTNNCATCO2
3458,NDNEBNZLO
3459,IPRACBCO3
3460,IPEBNO3
3461,C91O2
3462,NOETOLOH
3463,IBUTOLCO
3464,ACPRONEO
3465,M3PEBO
3466,CYHXOLAOOH
3467,NC41OO
3468,H2M2CO5C6
3469,CYHEXONE
3470,C4COMOH3O2
3471,M23C43NO3
3472,MXYLCO3
3473,C721OOH
3474,MXYOLOOH
3475,C4COMOH3OH
3476,C826OOH
3477,TM124MUOOH
3478,BZEMUCOOH
3479,TM124OHNO2
3480,ETBECNO3
3481,SBUACBNO3
3482,C5CODBCO2H
3483,C6OH5NO3
3484,T123NCATEC
3485,PCATEC1O2
3486,H2M5C65O
3487,COO2C4CHO
3488,C8M2CO6O
3489,PRCOOMCO3
3490,EBZMUCCO3H
3491,EBFUO2
3492,EBFUOH
3493,TM124BPNO3
3494,IBUTOLCO2H
3495,NPPRBQO2
3496,C718CO3
3497,MMCFNO3
3498,MTBEALCO3H
3499,CO3C54CO3
3500,HOPINONIC
3501,HC4ACO3
3502,PXYQO
3503,APINBOH
3504,PBZMUCPAN
3505,METLMUCOOH
3506,C5CO14O2
3507,BZFUCO
3508,C822OH
3509,HOBUT2CHO
3510,C822O2
3511,C719OOH
3512,NPROACECO2
3513,C5DBEPAN
3514,C5CO14OH
3515,M3HEXANO3
3516,INB1NBCO3
3517,C730OOH
3518,TLBIPERO2
3519,C7CO4EDB
3520,PBZMUCCO3
3521,IPGLOOB
3522,C31PAN
3523,C521OH
3524,IBUDIALCO3
3525,TM124BCO3
3526,CO24C53O
3527,BCKAO2
3528,NMETLQO2
3529,ACROOA
3530,C8CO2DBPAN
3531,IPMALNHYO2
3532,C726CO5OOH
3533,C136OH
3534,IBUTACID
3535,PXNCATECO
3536,PXNCATECH
3537,C66NO35CO
3538,TLEPOXMUC
3539,C113OH
3540,C113O2
3541,NEBFUOOH
3542,C1014O
3543,H2M3C4OOH
3544,C136O2
3545,C1210CO3H
3546,LIMALO
3547,H2MC5OOH
3548,MALDALCO2H
3549,BCKAOO
3550,PBENZO
3551,BCKAOH
3552,NPXYFUOOH
3553,CHOCOMOXO
3554,HC3CO2H
3555,C515CO3H
3556,IPROMC2O2
3557,MIBKHO14
3558,C152O2
3559,LIMANO3
3560,C827CO3H
3561,HO2C3CO2H
3562,MXYLAL
3563,CLCOCH2O2
3564,C58O2
3565,NDNEBZLOOH
3566,PBFUOOH
3567,C6MOCOCO3H
3568,C58OH
3569,IC5H12
3570,BCLKBOOH
3571,C727CO3
3572,DNT124BOL
3573,BOXPROBOOH
3574,C152OH
3575,IPROMC2OH
3576,C810OH
3577,M2C43CO3
3578,INDHCO3
3579,OTCATEC1O
3580,COO2C4O
3581,M22C4OH
3582,C6DIALOOH
3583,OXYFUO2
3584,C6CO34HO1
3585,NTM135OLO2
3586,C615CO2O2
3587,METLMUCPAN
3588,C615CO2OH
3589,NTM135OLOH
3590,OXYFUOH
3591,M22C4O2
3592,PBZBPER2OH
3593,TBUACCO3
3594,C6COALCO3H
3595,HM22CO2H
3596,IC4CHOAOOH
3597,C4COMEOH
3598,METLMUCCO
3599,C65NO36O
3600,M3HEXBOOH
3601,ME3BU3ECHO
3602,C59OOH
3603,HNMVKOH
3604,MIBKOHBOOH
3605,BOX2MO
3606,IC7DCOOH
3607,METHACETO
3608,HNMVKO2
3609,CH2CHCH2NO3
3610,H1MC5O2
3611,C126CHO
3612,C628O2
3613,HO2CO35C7
3614,C3M3OH2PAN
3615,H2M2C3CO3
3616,PNCATECO2
3617,MEPROPENE
3618,DNMXYOLO2
3619,LIMBNO3
3620,MNNCATCOOH
3621,HO13C4OH
3622,HO13C4O2
3623,C3NO3COO2
3624,C5CO243OH
3625,C615CO2OOH
3626,C628OH
3627,C7DDCO
3628,NC3H7O2
3629,CO3C4CO3H
3630,C115O
3631,MOXY2CHO
3632,NCATECOOH
3633,MMALNACO2H
3634,BOXPOLANO3
3635,C3MDIALO2
3636,C6OH5O
3637,CONO3C6OOH
3638,LIMCO
3639,C621O2
3640,PETLMUCNO3
3641,CO1M22CHO
3642,OCT3ONE
3643,C915NO3
3644,MVKOHBO
3645,C61CPAN
3646,CHCLOHCO
3647,IPGLYOXOH
3648,HO2C5NO3
3649,MIBKCOOHO
3650,C7MOHCOCO3
3651,C63NO32OOH
3652,C3MDIALOH
3653,METHACET
3654,C624OOH
3655,TM135BPRO2
3656,HM33C4NO3
3657,NC3OO
3658,CHOCOHCO
3659,C919NO3
3660,EBNZOHNO2
3661,HO6C7OOH
3662,IC7DCOH
3663,C917O2
3664,C926OH
3665,MBOAOH
3666,C4ME2NO3O
3667,C148OOH
3668,NDNIPBZLO
3669,MPHCOME
3670,IC7DCO2
3671,METLQO
3672,C917OH
3673,NTLFUO2
3674,TLBIPER2OH
3675,ACCOMCOMO2
3676,HYPERACET
3677,C5MO132OH
3678,MIPK
3679,C930OH
3680,BCALO2
3681,INB1NACO3H
3682,IEACO3H
3683,DEMPHOH
3684,BCALCO2
3685,MEMOXYPAN
3686,C918O2
3687,C717OH
3688,MALNHYOHCO
3689,C131NO3
3690,C41O2
3691,BOX2MO2
3692,BUTDAO
3693,C918OH
3694,BCALCOH
3696,IC3H7O2
3697,HC3CCHO
3698,CHOC2H4O
3699,CO25C74O2
3700,C920OOH
3701,C930O2
3702,BCALOH
3703,C928CO2H
3704,PXNNCATOOH
3705,BCALOO
3706,C1214O2
3707,NMXYQOOH
3708,CO2N3CHO
3709,C107OH
3710,MXCTEC1OOH
3711,CO35C5CHO
3712,OET1OOH
3713,MC6CO2OH
3714,C813O
3715,NLMKAOOH
3716,C535O2
3717,C711O
3718,OETLQCO
3719,C3M2COCO2H
3720,MC6CO2O2
3721,BCLKACO
3722,CO2C3OO
3723,HOIPRCO3H
3724,HOCO3C54O
3725,BOXEOHANO3
3726,NC51O
3727,C731CO3
3728,C731CO2
3729,C6135COO
3730,C107O2
3731,C1214OH
3732,C626NO3
3733,C144OOH
3734,CO356OCO2
3735,HM22C3O
3736,PRONO3AO
3737,CH2BROOH
3738,HO3C86OOH
3739,C145O
3740,C66O
3741,BOX2EOHBO
3742,ACETC2PAN
3743,C4MCNO3OOH
3744,C926O
3745,BUTDBNO3
3746,IPRHOCO3
3747,TMB2FUO
3748,C6H5CO3
3749,INB2OOH
3750,DMSO
3751,C824OOH
3752,HO1MC5NO3
3753,HEXCOH
3754,C1313OOH
3755,MTBEBCO3
3756,INB1HPCHO
3757,CO3C4NO3O
3758,CO2N3PAN
3759,C2H5CHOOB
3760,TM135OXMUC
3761,H1C23C4O2
3762,C2H5CHOOA
3763,C76OOH
3764,BUTAL2O
3765,C52NO33O
3766,HCOCH2O2
3767,T123NNCTO
3768,CH3CCL3
3769,C128OOH
3770,HO1MC5O2
3771,CL12CO2H
3772,HO2C4CO3H
3773,HEXCO2
3774,M3FOOA
3775,C3DIALOOH
3776,PHCHOOA
3777,CATECHOL
3778,C4M2AL2OH
3779,C712OH
3780,HO8C9CO3H
3781,C3MNO3CO3H
3782,CYHEXOLAO2
3783,HMVKBCO3
3784,IPRBQO
3785,DMEBPROOH
3786,CO24C6OOH
3787,C712O2
3788,DIBRETO2
3789,C96CO3
3790,H3C25C6CO3
3791,APINCNO3
3792,IPRACNO3
3793,MXYLCO2H
3794,EIPKAO2
3795,ALC4DOLOOH
3796,C727O
3797,BZEMUCCO2H
3798,CO2HOC6OOH
3799,NOXYQO2
3800,CO2OH3MCO3
3801,C98OOH
3802,C827CO3
3803,C43NO34O
3804,C730OH
3805,OCCOHCOOH
3806,DMEBIPNO3
3807,C6OH5O2
3808,MVKOHAOOH
3809,CLCOCLO2
3810,BOXFORMO2
3811,C730O2
3812,C1211O
3813,CH3CL
3814,EIPKAOH
3815,C94OOH
3816,CH3COCO3
3817,APINCOH
3818,PPRBQO
3819,H3C25C6O
3820,C611OH
3821,C23C54CO3H
3822,C819OOH
3823,C824O2
3824,NOXYOL1O2
3825,NC623O2
3826,TM123BO2
3827,TM123BOL
3828,TM123BOH
3829,NC623OH
3830,C824OH
3831,CH2CLCH2CL
3832,C46CO3
3833,EPXM2DLCO3
3834,C611O2
3835,BZEMUCCO3
3836,C23O3CHO
3837,APINCO2
3838,OCATEC1OOH
3839,HO7C8O2
3840,HO1C5NO3
3841,PBENZOLO
3842,OETLBIPRO
3843,CO3C85O2
3844,LIMAL
3845,NTM123OLO2
3846,LIMAO
3847,IPCATECOOA
3848,PRCOFORMO
3849,NOPINDO2
3850,PROL11MO
3851,C927OH
3852,ETBEAOOH
3853,CHCL2COOH
3854,TM123BPAN
3855,NOPINDOH
3856,C57AOOH
3857,C918O
3858,C618O2
3859,HO8C9O
3860,MCOOTBO2
3861,CL12PROP
3862,NTM123OLOH
3863,C8BCOOH
3864,HO13C3CO3
3865,MIBKAO2
3866,CO1H63OH
3867,CO2N3CO3H
3868,MECOACEOOH
3869,CL12PRBOH
3870,C7BDCOOH
3871,C5OH2CO4O
3872,LIMALBO
3873,PBZMUCNO3
3874,SBUACBOH
3875,C56OOH
3876,C630O2
3877,MXYLPAN
3878,TCE
3879,IPNCATECO
3880,IPNCATECH
3881,C630OH
3882,C55OOH
3883,C929OH
3884,C525O2
3885,HCOCOHCO3
3886,NC101OOH
3887,CL12PRBO2
3888,NONOOH
3889,M22C43O
3890,MIBKAOH
3891,CO1H63O2
3892,C817OOH
3893,PTNCATECO2
3894,C813OOH
3895,HO8C9O2
3896,C66NO35OOH
3897,IC3H7OOH
3898,SBUTACET
3899,C3H7CHOO
3900,C53NO324CO
3901,MTBEACHOO2
3902,DM35EBOOH
3903,BUTDCO
3904,MPHCOMEO
3905,C51OOH
3906,PBENZOLOOH
3907,EBENZ
3908,C87CO2H
3909,EMPHCOME
3910,C117O2
3911,EMPHCOMO
3912,MALANHYOOH
3913,HMACO2H
3914,MEKBOOH
3915,NTM124QO
3916,PETLQOH
3917,C811CO3H
3918,DNPXYOLOOH
3919,LIMOOB
3920,LIMOOA
3921,C713O
3922,MTBEAOOH
3923,M3BU3ECO3H
3924,NTM124QOOH
3925,PETLQO2
3926,C514CO23OH
3927,C74O2
3928,INAHCO2H
3929,PXYBIPERO2
3930,OXCATECOOA
3931,C117OH
3932,H2M3C4CO3H
3933,NC4EDCO2
3934,C919O
3935,C1013O
3936,PRONOCOPO2
3937,BCBOOA
3938,C147O
3939,NDNPXYOLO
3940,BCBOOH
3941,CO346C8
3942,C7CO2DBCO3
3943,STYRENO2
3944,C5DBCO2CO3
3945,C924O
3946,PXYQONE
3947,C811O
3948,C816CO
3949,MPRBNO3OOH
3950,C2CL3OHBO
3951,C129O
3952,NTM124OLOH
3953,IC7DICARB
3954,PINAL
3955,PRONEMOXO2
3956,PBFUCO
3957,C4NO3CO3H
3958,C5CONO34O2
3959,C6PRCO4DB
3960,C23O3ECPAN
3961,BCAOOH
3962,NPBNZOLO2
3963,NPBNZOLOH
3964,C113CO
3965,OXCATEC1O
3966,C627PAN
3967,PHCOCOCO
3968,RGDCO2H
3969,C6PAN5
3970,CHOMOHCO3
3971,PRONEMOXOH
3972,C5OHCO4OOH
3973,HCOCH2CO2H
3974,NTM124OLO2
3975,MXCATECOOA
3976,IC7DCCO2
3977,IC7DCCO3
3978,C7ADCCO3H
3979,NTM135OLO
3980,MMALNHY2OH
3981,C616OOH
3982,M33C4OOH
3983,HEPT3ONE
3984,M2PECNO3
3985,C52NO31O
3986,PHC3OOH
3987,NPHEN1O
3988,IC7DCCO2H
3989,C143CO
3990,ACBUONAOH
3991,C79O
3992,PMALANHYO
3993,PHCOETOOH
3994,METLMUCOH
3995,C89O2
3996,CO2C54CHO
3997,PROL1MCO3H
3998,C4NO32M1O2
3999,CO3C75OOH
4000,C147OH
4001,C147O2
4002,C519CHO
4003,OXNNCATOOH
4004,C89OH
4005,MC52CO2OH
4006,DNCRES
4007,METLMUCO2
4008,EMPHCO3
4009,MMALANHYO
4010,HEX2ONBO
4011,C526OOH
4012,C6H13CO3H
4013,H2M3C4CHO
4014,HM22CO3
4015,C930OOH
4016,NC72O
4017,C721PAN
4018,OETLMUCPAN
4019,TM124BPRO
4020,ISOPDOOH
4021,C6CO34
4022,MTBEBCO3H
4023,TM124BO
4024,C6134CO2OH
4025,IC4CHOAO2
4026,INDOOH
4027,CL12PRCOOH
4028,C108O
4029,M22C4
4030,HO6C7CO3
4031,DNIPBNZLO
4032,CHCLOOA
4033,CO24C63O
4034,C6IPRCO4DB
4035,H3M3C5CO3H
4036,PXNNCATCO2
4037,C7MJPCO3
4038,HMML
4039,OXYCATECH
4040,C131CO
4041,C727CO
4042,C526O
4043,C830O
4044,BCSOZNO3
4045,C66OOH
4046,CO235C6
4047,CO235C7
4048,PHXN
4049,ACETMECO3
4050,C1211NO3
4051,EIPKBOH
4052,C1210OH
4053,MPHGLYOX
4054,C7EDICARB
4055,DMMAO
4056,C1210O2
4057,EIPKBO2
4058,NBPINBOOH
4059,DFC
4060,SC4H9O2
4061,PXYL
4062,MACRNBPAN
4063,M2HEXAOOH
4064,T123NCATO2
4065,INANCOCHO
4066,INAOH
4067,PXYLCO3
4068,C94O2
4069,IBUTOLOHC
4070,IBUTOLOHB
4071,ISOPAO
4072,C3MCODBCO3
4073,C718O2
4074,UDECO2
4075,STYRENOOH
4076,MGLYOOB
4077,MGLYOOA
4078,C6CO4M2DB
4079,MXY1OOH
4080,CH3CHOO
4081,C94OH
4082,INAO2
4083,C77NO3
4084,INCNCO3
4085,C656OH
4086,C66OH
4087,BPINBNO3
4088,C6145COO2
4089,C5PAN9
4090,C5PAN8
4091,C5PAN5
4092,C5PAN4
4093,C5PAN7
4094,C5PAN6
4095,C5PAN1
4096,C5PAN3
4097,C5PAN2
4098,C828CO3H
4099,C715O
4100,C5CO3OH
4101,NBCO
4102,BCLKAO2
4103,BCLKAOH
4104,C4OHCO3H
4105,TLEMUCNO3
4106,C626CO3H
4107,OTNNCATCO2
4108,C718O
4109,TLFUONOOA
4110,CCLNO3O2
4111,C733O
4112,C825OOH
4113,PXYMUCCO2H
4114,C43NO34O2
4115,C5CONO34O
4116,C66O2
4117,HEX3ONCO2
4118,IPMALANHYO
4119,NCRES1O
4120,TM123OXMUC
4121,C1310NO3
4122,C141O
4123,C101OOH
4124,IBUTALBO
4125,C829OOH
4126,HO1C3NO3
4127,PETLBPR2OH
4128,C922O
4129,BOXCHO
4130,C830OOH
4131,MXYMUCOOH
4132,C127O
4133,NC91CHO
4134,C3NO3COO
4135,HO1C5O
4136,HC23C4CO3H
4137,C717NO3
4138,NPXYQO2
4139,HEX3ONCOH
4140,C23O3EO
4141,HO6C7CO3H
4142,C733O2
4143,M3PEAO2
4144,C827OH
4145,DMCO2
4146,CH2OHCCLO
4147,C1013PAN
4148,BCLKBCO
4149,C921O2
4150,NPRACBOOH
4151,DNPETOLOOH
4152,TM124BOH
4153,C7CO2OHCO3
4154,HMACO3H
4155,IBUTALO2H
4156,DMCOH
4157,NC51OOH
4158,C827O2
4159,T124NNCOOH
4160,BCKSZOO
4161,BZEMUCO2
4162,PINALOH
4163,DM35EBNO3
4164,MACRNBCO3
4165,TCEOHO2
4166,HMGLOO
4167,EOX2EOLBO2
4168,INCGLYOX
4169,NPRACCOOH
4170,IBUALANO3
4171,PPACLOOA
4172,ACETOL
4173,EMPHO
4174,PINALO2
4175,NPHEN1O2
4176,C828O2
4177,BZEMUCOH
4178,MEMOXYCO2H
4179,C93OOH
4180,C3H5CO2H
4181,BOX2EOHBO2
4182,DMSO2O
4183,IPROMC2OOH
4184,H13CO2CHO
4185,IC7DCO
4186,C51NO32CO
4187,ETHFORMO
4188,C614O
4189,MET1O
4190,BZEMUCPAN
4191,CH3OCH2O
4192,M2PEBNO3
4193,C831CO
4194,COO2C3PAN
4195,GLYOO
4196,C103NO3
4197,CCLOHCHO
4198,GLYOX
4199,OXYLCO3H
4200,INCNCO2H
4201,NIPBNZOLOH
4202,C53OOH
4203,LIMALBOH
4204,CH2OO
4205,MXYOHNO2O2
4206,IPROMC2O
4207,NEBNZ1O
4208,CYHXOLACO
4209,CO235C5CHO
4210,NPPRBQOOH
4211,PHCOCOCO2
4212,BZFUO
4213,NPRACCNO3
4214,HO7C8CO3
4215,C1H4C5CO3
4216,C5OH2CO4O2
4217,LIMALBO2
4218,CL1GLYOX
4219,HCOCH2O
4220,PERIBUACID
4221,ME2BUOLNO3
4222,C625OOH
4223,OETLMUCOH
4224,MACRNBCO2H
4225,NDMEPLOOH
4226,C5CO14OOH
4227,INAHPPAN
4228,CO36C11
4229,C91O
4230,C5EDBCO3H
4231,HO24C5NO3
4232,HMVKBCHO
4233,HO134C5
4234,PETLQO
4235,M3PEBO2
4236,OXYL
4237,MMCFOOH
4238,MVKNO3
4239,MBO
4240,HCOCH2CO3
4241,BOXCOEOLO2
4242,OXY1OHNO2
4243,C6CO34OOH
4244,NDNT123LO2
4246,PR2OHMOXO
4247,C1210CO2H
4248,C57NO3CO2H
4249,EOX2OLANO3
4250,M3PEBOH
4251,BUT1ENE
4252,C731NO3
4253,EIPKAO
4254,HO24C4CO3
4255,IPECOH
4256,TM123MUNO3
4257,NDEMPHOLOH
4258,C732CO3H
4259,BIACETO2
4260,M2PEDOH
4261,C52NO33OOH
4262,CYHEXOLAO
4263,PERBUACID
4264,NC1313OOH
4265,BCBOO
4266,C82O2
4267,C2H5CO3
4268,C8PAN1
4269,METOLOOH
4270,C726CO5O2
4271,BCBO2
4272,IPBZBPRNO3
4273,DNPBNZLOOH
4274,C1215OOH
4275,M2PEDO2
4276,BIACETOH
4277,IPECO2
4278,NDEMPHOLO2
4279,C5CO24O
4280,DMSO2OOH
4281,M2PEAO
4282,ME2BU2OLO
4283,CO2C3PAN
4284,CHCL3
4285,PRNO3CO2H
4286,TMB1FUONE
4287,C512CO3H
4288,NIPBNZOLO
4289,PE4E2CO
4290,DMPHCOMO2
4291,CO3C4CO3
4292,CO2C3OOB
4293,EPXDLCO3
4294,IEACHO
4295,TM135MUO2H
4296,NPROACEBO2
4297,C827PAN
4298,INB1NACO3
4299,TM123BCO3H
4300,DMPHCOMOH
4301,C6145COOOH
4302,BUT2CO3H
4303,C532CO
4304,MIBK3COO2
4305,SC4H9OOH
4306,C731O
4307,MMALNBCO3
4308,ETBECCO3
4309,HOCH2COCO2H
4310,C1312CO
4312,TCEOHO
4313,C143O
4314,HO14C6
4315,C536O2
4316,C717O
4317,C820OOH
4318,MTNCATCOOH
4319,CY6COCOOOH
4320,C5DIALCO
4321,C514OOH
4323,C5MEJCO3
4324,MEBFUOOH
4325,TBUTCO3
4326,T123NCTOOH
4327,C125O
4328,C817O2
4329,M22C4O
4330,BOXPROLAO2
4331,MPRNO3CO3H
4332,C515OOH
4333,HOIPRGLYOX
4334,PTNNCATCO
4335,C520O
4336,C6MOHCOCO3
4337,IPRCO3
4338,DNT123BOL
4339,C928OOH
4340,C615OOH
4341,MTBEAALCO3
4342,C920O
4343,C517O
4344,NBCALO
4345,BCALAOOH
4346,MACRNPAN
4347,HO3C4CO3H
4348,EPXEALKT
4349,C88CO3H
4350,HM33C3CO3H
4351,C817OH
4352,C42NO33O2
4353,C126O2
4354,TBUACET
4355,NOETLQOOH
4356,C617CO3
4357,C143O2
4358,OETCATECH
4359,MNNCATECO2
4360,C6MOHCOPAN
4361,IBUTOLCNO3
4362,C146CO
4363,ETHGLY
4364,HO3C6NO3
4365,C1014OH
4366,NC9H20
4367,M23C4NO3
4368,C67O2
4369,HMVKBCO3H
4370,MMCFO
4371,C143OH
4372,NIPBNZ1O2
4373,NSTYRENOOH
4374,C817PAN
4375,HO1CO3C4O
4376,C521OOH
4377,NC826O2
4378,C126OO
4379,C141PAN
4380,CHOC3COPAN
4381,CO3C4NO3O2
4382,CISOPA
4383,CISOPC
4384,IBUTOLCO2
4385,DMSO2OH
4386,NAOOA
4387,C629O2
4388,IPRACBOH
4389,HEX3ONBO
4390,PBZBIPERO2
4391,C147CO
4392,EMPHCOMO2
4393,C616O
4394,CH2CHCH2O
4395,EMPHCOMOH
4396,C136PAN
4397,IPRACBO2
4398,C611OOH
4399,DMSO2O2
4400,C629OH
4401,NC3H7O
4402,BENZENE
4403,EMPHCO3H
4404,CO3C4NO3OH
4405,CH2CHCH2OOH
4406,MACROOA
4407,CONM2CHO
4408,HEPTOOH
4409,ETOMEO2
4410,CL12PRBOOH
4411,BOXPRONOH
4412,C109O2
4413,TBUTOLOOH
4414,H2M5C65O2
4415,C626O2
4416,C126CO2H
4417,PBZQONE
4418,C5M2OHCO3H
4419,EBZMUCPAN
4420,BUFORMOOH
4421,PERPENACID
4422,ACETCOC3H7
4423,BENZAL
4424,C51OH2OOH
4425,ISOPCNO3
4426,C109OH
4427,DHPMPAL
4428,C44O2
4429,M3CO25C6
4430,DHPMEK
4431,C135OOH
4432,C735OH
4433,INB1OOH
4434,DETLMUO2H
4435,H2MC5O2
4436,TLEMUCCO
4437,ETHACETO
4438,C811CO3
4439,NBUACETCO
4441,C828OOH
4442,HO1CO4C6
4443,IPROC21OH
4444,C1211CO
4446,IPROC21O2
4447,MMALNBCO3H
4448,SBUACBOOH
4449,C520OOA
4450,DNPXYOLO2
4451,C98O2
4452,INCNO3
4453,NC102O
4454,C93O
4455,H13M3C5OOH
4456,PRONOCOPO
4457,C32OH13CO
4458,C735O2
4459,BOX2OHBOOH
4460,NC826OOH
4461,CH3C2H2O2
4462,OETOLO
4463,C6H5CO3H
4464,CLETAL
4465,NIPBFUOOH
4466,PMALANHY
4467,HO13C5OOH
4468,DIETETOOH
4469,C614OH
4470,CH4
4471,HMGLYOO
4472,NC4CO3
4473,C54CO
4474,C614O2
4475,EBZBPEROOH
4476,OXYL1O2
4477,MIPKBNO3
4478,EMALNHYOOH
4479,PRONO3BO2
4480,ECOCO2H
4481,ACCOC3H6O2
4482,HIEPOXB
4483,PNNCATCOOH
4484,C86OOH
4485,CONM2CO2H
4486,BU1ENO3OOH
4487,C1215OH
4488,C141CO3
4489,PBZPOXMUC
4490,C57OOH
4491,MXNCATECH
4492,MXNCATECO
4493,ISOPAOOH
4494,BCKANO3
4495,CO25C74OH
4496,C52NO33O2
4497,CH2CLCOCL
4498,C1H4C5CO3H
4499,M2BKAOH
4500,M2BKAO2
4501,C736O
4502,C81OOH
4503,A2PAN
4504,CHEXO
4505,HO13C5O
4506,EMPOHNO2O
4507,C922O2
4508,C1215O2
4509,DM35EBO
4510,MVKOHBO2
4511,C106OOH
4512,ISOP34O2
4513,H14M4C6
4514,CL12PRAO2
4515,C52NO31CO
4516,HMVKNGLYOX
4517,M2PECO
4518,C54NO3
4519,MIPKAOH
4520,CHOC4DOLO2
4521,HOCH2CO2H
4522,TLEMUCCO2H
4523,INDHPCO3
4524,C23O3CCO3
4525,HC3CCO3H
4526,M2BK
4527,TLFUONOO
4528,BUTDBOOH
4529,C116NO3
4530,MIPKAO2
4531,C626OOH
4532,HO14CO3C5
4533,CL12PRAOH
4534,CCLOHCOOH
4535,C6CONO34OH
4536,CCL3CHO
4537,BOXMCO3
4538,EPXKTMPAN
4539,C128NO3
4540,BUOX2ETOH
4541,INDHPPAN
4542,C23O3CPAN
4543,C518CHO
4544,NEBFUO2
4545,DNPETOL
4546,NDNEBNZLO2
4547,ACCOETO
4548,C719O
4549,PPRBQCO
4550,C54O
4551,HO2C4O2
4552,C62CHO
4553,CO2C3CO2H
4554,MACO3H
4555,C6CONO34O2
4556,C123O
4557,METLBPR2OH
4558,C4M3NO32O2
4559,C114O2
4560,HYPROPO
4561,CHCL2OH
4562,C731OH
4563,HC4CCO2H
4564,HO2C4CHO
4565,BOXPROLBO
4566,CHCL2O2
4567,C114OH
4568,MALDIALCO2
4569,MALDIALCO3
4570,C7OHCO2PAN
4571,C733CO
4572,NPROACEAO2
4573,NTMB1FUOOH
4574,C4NO32M2O
4575,OETLMUCO3H
4576,CO23C4NO3
4577,HOBUT2CO3
4578,TM135MUCO2
4579,TM135MUCO3
4580,LIMONIC
4581,DNPETOLO
4582,OET1O
4583,ETBEAO
4584,C44OOH
4585,METOLO
4586,DMPHOOH
4587,CO1H63NO3
4588,CO2C54O2
4589,BZEMUCCO
4590,DIETETO2
4591,C52OOH
4592,C73O
4593,C825O2
4594,C134O2
4595,C65OH4O2
4596,CO1M22CO3H
4597,ALCOCH2OOH
4598,SBUACAOOH
4599,NO3CH2CO3
4600,C610O
4601,MVKOHANO3
4602,C51NO32O2
4603,NC72O2
4604,M3HEX
4605,NSTYRENO2
4606,MECOFORMO
4607,C825OH
4608,C134OH
4609,MEK2OOC
4610,MEK2OOA
4611,C5CO14CO2
4612,C8BCNO3
4613,MXYOLO2
4614,DMK2OH
4615,M22C43OOH
4616,C85CO3
4617,C624CO2H
4618,C7PAN3
4619,C7PAN2
4620,C7PAN1
4621,OTNNCATCO
4622,ACEETOHO
4623,HOIBUTCO3
4624,H3M2C4CO3
4625,CYHXONANO3
4626,DNPBNZOL
4627,C4COMOH3O
4628,ACCOCOMOOH
4629,MXYOLOH
4630,TM123OHNO2
4631,NPXYOL1O
4632,OXYFUOOH
4633,H1C23C4OOH
4634,H3C2C4CO3
4635,MTBE
4636,OXNCATECO2
4637,C511CO3H
4638,MTBK
4639,ACLOOA
4640,NBUACETAO
4641,INANCHO
4642,PROL2FORM
4643,MIBKAOHBO2
4644,ETBECCO3H
4645,C4CO2OOH
4646,PBZMUCOOH
4647,PET1OOH
4648,C95O
4649,EPXM2C4DAL
4650,C312COPAN
4651,C6CO3OH5O2
4652,HOC3H6CO2H
4653,M3BU2OLNO3
4654,C7OHCO2CO3
4655,C721CHO
4656,CHOCOMOXO2
4657,NC4OO
4658,MC4CODBPAN
4659,HM33C3CO3
4660,OETLMUCCO3
4661,CHOC4OOH
4662,C58AO2
4663,DIIPRETHER
4664,ACO3
4665,PBN
4666,C5CO2OHPAN
4668,CO25C74O
4669,M3F
4670,H1MC5NO3
4671,C613OOH
4672,C7CO2DCO3H
4673,C530OOH
4674,ECATEC1OOH
4675,LMLKBOH
4676,C627OH
4677,C7ADCOH
4678,ECATECOOA
4679,EGLYOO
4680,HO2C4NO3
4681,C54CO3H
4682,HC4ACO3H
4683,PIPN
4684,EGLYOX
4685,NC524O2
4686,BOXMOH
4687,PET1O2
4688,C537OOH
4689,MBOBO2
4690,C7ADCO2
4691,HM22C4OOH
4692,LMLKBO2
4693,PINIC
4694,C627O2
4695,C735O
4696,C517O2
4697,MTNCATECO
4698,MTNCATECH
4699,C64OOH
4700,NBCALOOH
4701,TBUTCO3H
4702,CNO3CLOH
4703,NAPINBO2
4704,CNO3CLO2
4705,CLETO3H
4706,H2M2C4CHO
4707,C6CO134OOH
4708,C23O3CCO3H
4709,C721CO3H
4710,NBPINAOOH
4711,C517OH
4712,C5DIALO
4713,HO1C3O
4714,C513CO
4715,NORLIMAL
4716,UDECNO3
4717,C5DIALO2
4718,C1312OH
4719,C3MCODBPAN
4720,OCTOH
4721,C6TONOHOOH
4722,NBUACETCO2
4723,HM2C43O2
4724,C122O2
4725,OCTO2
4726,C126CO3H
4727,CCL3OOH
4728,MBOBNO3
4729,C819O
4730,BCANO3
4731,C1312O2
4732,MTBEAALPAN
4733,C5DIALOH
4734,C8M3CO
4735,C121O
4736,C6DCRBBOH
4737,HEXAO
4738,C63O2
4739,C312COCO3
4740,BPINCOOH
4741,PHC3NO3
4742,BU1ENO3O2
4743,NC5H12
4744,C524O
4745,C9M2CO6O
4746,C3COCCO3
4747,C7CO2M5O
4748,CO2H3CO3H
4749,C7ADCO
4750,C63OH
4751,HO24C5
4752,C75OOH
4753,MXYMUCCO3
4754,C129CO
4755,LMKBO
4756,C23C54CO3
4757,C53NO32O2
4758,C126CO
4759,C67CHO
4760,INANCOCO2H
4761,MXYFUONE
4762,MPRBNO3PAN
4763,C515CHO
4764,BOXOHETOH
4765,MC6OTKTOOH
4766,C146OH
4767,CHOC2CO3H
4768,C4M3NO3ONE
4769,C146O2
4770,PEN2ONE1O2
4771,NC101CO
4772,NC4OHCPAN
4773,TMBCO3
4774,ETBECO
4775,TM124BPRO2
4776,MXYL1OOH
4777,BCBOCOO
4778,EMPHO2
4779,C68OH
4780,OXYQOOH
4781,C4CONO3O2
4782,CRESOOH
4783,OETLQOOH
4784,C831NO3
4785,C71O
4786,HOC4CHOO2
4787,C8OHCO2CO3
4788,INB1O
4789,CO3C5CHO
4790,HO3C76OOH
4791,C629O
4792,C68O2
4793,C132OOH
4794,C6CO3OHOOH
4795,HIEB1O2
4796,HO3C5CO3H
4797,PPRBQOOH
4798,C8DBCO2CO3
4799,NPETOL1OOH
4800,ACO2H
4801,MTBEANO3
4802,BUTDANO3
4803,NPROACET
4804,C137CO3H
4805,C6H5CH2CO3
4807,C6TRONOHO2
4808,IPRCHOOA
4809,C618CO2H
4810,C612O
4811,CO24C63O2
4812,NC4MDCO2H
4813,C79OOH
4814,NDNT123LO
4815,BCCO
4816,MC5CO2OHO2
4817,ETBECO2
4818,IPBFUOOH
4819,C518CO2H
4820,C2CL2OH2
4821,HM23C4O
4822,ISOP34OOH
4823,NBUTDAOOH
4824,HM2C43CHO
4825,NOETLQO
4826,MACRO
4827,ACCOPROOH
4828,C111OOH
4829,PRONEMOXO
4830,C23O3ECO2H
4831,M3PECOOH
4832,C2CL2OHO
4833,ETBECOH
4834,C104OOH
4835,C97O
4836,CO2C54CO3H
4837,NC728OOH
4838,C93O2
4839,C235C6CO3H
4840,HO1C4NO3
4841,C5COCHOOOH
4842,NEOPO2
4843,CH3SOO
4844,C719O2
4845,C9DCO2
4846,NPRACBOH
4847,HO1C4O2
4848,EPXM2DCO2H
4849,C615PAN
4850,C1211O2
4851,C830CO3
4852,C23O3ECO3
4853,C1211OH
4854,OXYBIPERO
4855,C9DCOH
4856,C719OH
4857,C8236CO
4858,BUT2CO3
4859,CH3SO2
4860,CH3SO3
4861,NEOPOH
4862,C918CHO
4863,MEMOXYCO3
4864,C105OOH
4865,HO5CO8C10
4866,C93OH
4867,CY6DIONOH
4868,C6CO4DB
4869,MALANHY2OH
4870,C55O2
4871,NOETOLO
4872,C1215CO
4873,ACCOMEPAN
4874,C4ME22OH
4875,HO3C4NO3
4876,CH3OCH2O2
4877,CY6TRIONO2
4878,CH3OCH2OH
4879,C517CO3H
4880,M33C4OH
4881,H3C25C5CHO
4882,INB1HPPAN
4883,C47CO3H
4884,BCKBOOH
4885,CY6DIONO2
4886,BOXCOEOL
4887,MC6OTKETOH
4888,PBZBPEROOH
4889,M23C43O2
4891,ME2BUOLO2
4892,DMKOHO2
4893,NTM135LOOH
4894,ENCATECO
4895,DNEBNZOL
4896,M23C43OH
4897,DEMPHSMS1O
4898,C52NO31O2
4899,MBOAO
4900,BPINAO
4901,MXCATEC1O2
4902,PBZMUCCO3H
4904,C4NO3M2OOH
4906,NEOPOOH
4907,MTBKO
4908,TM135MUOOH
4909,C116CO3
4910,C920O2
4911,C527O2
4912,C512NO3
4913,C8OHO2CO3H
4914,TM124NO2O2
4915,PPRBQO2
4916,C5PAN19
4917,MTBEACHO13
4918,C5PAN11
4919,C5PAN10
4920,C5PAN13
4921,C5PAN12
4922,C5PAN15
4923,C5PAN14
4924,C5PAN17
4925,C5PAN16
4926,C820O2
4927,PPRBQOH
4928,C7DCPAN
4929,BOXPRONEAO
4930,HO3C5CO3
4931,HO3C3PAN
4932,HO12CO3C4
4933,C3MNO3PAN
4934,CHOCL
4935,C826CO3OOH
4936,HEXCO
4937,H13CO2CO3
4938,HO13M2C4
4939,PHIC3NO3
4940,EOX2ETA2OH
4941,CHCL2O
4942,PMALNHYOOH
4943,HEX2ONANO3
4944,NPRACBNO3
4945,C622CHO
4946,BUTDBO2
4947,C4ECO2O2
4948,MPRBNO3CHO
4949,C4OHCO3
4950,BCKET
4951,HPC52OOH
4952,C111O2
4953,BRETO2H
4954,DMMALANHY
4955,KLIMONONIC
4956,MECOACETO2
4957,IPGLOO
4958,HPC52PAN
4959,C142NO3
4960,TBUACCO
4961,CH2CL3O2
4962,MXYLO2
4963,NIPBNZ1O
4964,NT123L1OOH
4965,MXYLOH
4966,MXYLOL
4967,CHCLOO
4968,TM123BPRO
4969,CH2CL3OH
4970,C830CO2H
4971,HO3C6O2
4972,IPBZMUCOOH
4973,C58NO3CO3H
4974,NC524OH
4975,C5COOHCO3H
4976,C1013OOH
4977,CH3OH
4978,IPECOOH
4979,C1014NO3
4980,DEMPHOLO2
4981,C722OOH
4982,INB1NAPAN
4983,C77O
4984,MIBKBOH
4985,HOIBUTCO3H
4986,MIBKBO2
4987,TMB2FUO2
4988,C413COOOH
4990,DEMPHOLOH
4991,NC10H22
4992,CH3O2
4993,CLCOCLMEO
4994,HIEB2O
4995,NBZFUO
4996,C1012OOH
4997,C712NO3
4998,MIBKAOHNO3
4999,NBZQOOH
5000,DMCNO3
5001,M3HEXAO
5002,C718CO3H
5003,MEKANO3
5004,NMVK
5005,EPXM2DLPAN
5006,C729CO2H
5007,HEX3ONDO
5008,MEKBO
5009,CH3SOOOH
5010,BCALO
5011,BCAO
5012,ETOMECO3H
5013,C8M2CO6OOH
5014,NPBNZ1O2
5015,C729O2
5016,NPBNZ1OOH
5017,EPXMEC4DAL
5018,CL12PRCO
5019,C715CO2O2
5020,PXCATEC1O2
5021,M3PECO2
5022,C148CO
5023,HO5C6O
5024,C623OH
5025,EPXMKTCO3
5026,IPRBQCO
5027,PRPAL2CO2H
5028,HNMVKOOH
5029,BCALNO3
5030,C41OOH
5031,MACRNO3
5032,C623O2
5033,C133NO3
5034,HM22C3CO3
5035,PRNO3CO3
5036,MNCATECO2
5037,M3PECOH
5038,C715CO2OH
5039,PXCATEC1O
5040,INDHPCO3H
5041,NBUTOLBO2
5042,HO3C116O2
5043,C3ME3CO3H
5044,C6DIALO2
5045,C1215NO3
5046,HM2C43OOH
5047,NOPINONE
5048,T124NCATEC
5049,INAHPAN
5050,C825O
5051,HCOCOHPAN
5052,ETHFORMO2
5053,C83O2
5054,C6COCHOOOH
5055,C513OH
5056,ETHFORMOH
5057,C513O2
5058,TBUACPAN
5059,C67OOH
5060,PXYEPOXMUC
5061,C6DIALOH
5062,C630CO
5063,INDO
5064,TM123MUOOH
5065,DMEPHOLO2
5066,VINOH
5067,C5DBCO2PAN
5068,ETHOX
5069,ACCOCOETO
5070,MIPKBO
5071,LMLKBCO
5072,C7CO2M5OH
5073,TBUACCO3H
5074,MMCFO2
5075,OTCATEC1O2
5076,COO2C4O2
5077,BCCO2
5078,C4OCCOHNO3
5079,BCCOH
5080,MMCFOH
5081,TM135BPRO
5082,C4ME3HO23
5084,PROL11MNO3
5086,DMEPHOLOH
5088,CO23C65OOH
5089,NC4OOA
5090,NBZFUOOH
5091,C141OOH
5092,C69O
5094,HO2CO3C4O
5095,CO2M33CO2H
5096,C109OOH
5097,DICLETO
5098,C4M3NO31O
5099,M2HEXBNO3
5100,C63NO32O
5101,C7OHO2CO3H
5102,BCALAO2
5103,CH3SO4NO2
5104,BCALAOH
5105,C537O2
5106,NC4PDCO2H
5107,C146OOH
5108,PE1ENEBO
5109,DNT123LO
5110,NC3H7NO3
5111,BPINCO
5112,C4M2NO3ONE
5113,ME3CO2BUOL
5114,MXYL1O2
5115,CL2OHOOH
5116,C816O2
5117,PTNCATCOOH
5118,C46CO2H
5119,C728O
5120,C139OOH
5121,C8DCO2CO3H
5122,MXYLOOH
5123,C819O2
5124,C732CO
5125,C519PAN
5126,CHOOCH2OOH
5127,H2M3CO4CHO
5128,ACRPAN
5129,C52O
5130,PXYMUCPAN
5131,C626CO3
5132,TM124BPOOH
5133,EPXMDLCO3H
5134,C3M3CHOOOH
5135,C43NO3CO3
5136,LMKBNO3
5137,C142O2
5138,DNT123LO2
5139,IPROMCCO3
5140,C129O2
5141,C6CYTONO2
5142,BCLKCOH
5143,CHOC4O2
5144,ISOPAO2
5145,MPRANO3O
5146,C64OH
5147,TLOBIPEROH
5148,C67CO3H
5149,C4CO2DBPAN
5150,C64O2
5151,C56O
5152,C928O
5153,TM124QO
5154,PERPROACID
5155,DMEPH1O
5156,C24O3CCO2H
5157,NEBNZ1O2
5158,IPROC21O
5159,C83O
5160,HEX3ONAOOH
5161,PXYOLO2
5162,C136CO2
5163,C136CO3
5164,BCLKCO2
5165,C822O
5166,T123CAT1O
5167,DIEKBO
5168,C131CO3H
5169,IPRACOH
5170,ACO3H
5171,C143NO3
5172,C916OOH
5173,CO4DBC8
5174,CO4DBC9
5176,C82NO3
5177,C152NO3
5178,TM124QOH
5179,M23C4OOH
5180,MVKO
5181,TM124QO2
5182,C3ME3CO3
5183,CHOC4OHO2
5184,CO2M3C4CHO
5185,PROPALO
5186,ETHENO3O2
5187,C625O
5188,LIMONENE
5189,EBZMUCOH
5190,CYC6DIONO2
5191,C714OH
5192,MIBKAOHAO
5193,C75O
5194,C7MOHCOPAN
5195,BU1ENO3O
5196,NCRES1OOH
5197,H2M3CO5C6
5198,TM135MUNO3
5199,NMBOAOOH
5200,C6OTKETOOH
5201,TBUTOLNO3
5202,C927NO3
5203,C7CO4DB
5204,HO3CO46C8
5205,C714O2
5206,NOETOLOOH
5207,IPBZPOXMUC
5208,C930NO3
5209,EBZMUCO2
5210,BOX2ECHO
5211,EPXEKTCO3H
5212,MTBEACHO
5213,IPBENZ
5214,CO23C4CHO
5215,BUTACID
5216,NPTLQOOH
5217,C736OH
5218,BCALBO
5219,HO7C8O
5220,C97OH
5221,C4CONO3CO
5222,PINALOOH
5223,NC1313OH
5224,PET1O
5225,HO7C8CO3H
5226,C7DDCCO2H
5227,CO2H3CHO
5228,NC1313O2
5229,NDNMETLOOH
5230,TM135MUCO
5231,C97O2
5232,INANCOPAN
5233,IPRFORMOOH
5234,INB1NO3
5235,C736O2
5236,TM123OOH
5237,C131OH
5238,TMBCO3H
5239,C6145COO
5240,CLETPAN
5241,CL12PRAO
5242,C923NO3
5243,CHCL2CHO
5244,CO2C54O
5245,DNC524CO
5246,PE2ENEBO
5247,NOPINBOH
5248,CHEXOOH
5249,C104O
5250,ETHOXOOH
5251,NOPINBO2
5252,UDEC3ONE
5253,C4MNO31OOH
5254,C622NO3
5255,CHCL2CH3
5256,NDNMETOLO2
5257,NAPINBO
5258,C715CO2OOH
5259,C131O2
5260,PXY1O
5261,HMAC
5262,NIPBFUO2
5263,BCSOZOH
5264,BOCOCH2OOH
5265,C124OOH
5266,EPXMEDLCO3
5267,BOXCOCHO
5268,DIEKBNO3
5269,IPCATEC1O
5270,C713OOH
5271,C79O2
5272,C534O
5273,PHCOMEOH
5274,HMGLYOOA
5275,BZFUOOH
5276,PR2OHMONO3
5277,CH2OHCOCL
5278,C925O2
5279,C129OOH
5280,ETHOHNO3
5281,BCKAOOH
5282,C730NO3
5283,C929CO
5284,C93CO
5285,BCSOZO2
5286,MXNCATECO2
5287,IPEAOH
5288,CO234C65O2
5289,PBZQO
5290,C3MNO3CHO
5291,CO23C65O
5292,HEX2ONAO2
5293,C731PAN
5294,BZEPOXMUC
5295,DMPHCOMOOH
5296,EMALANHY
5297,C116OOH
5298,IPBENZOLO
5299,C6CO34O
5300,HO1C6O2
5301,HO3C4CO3
5302,HO14CO2C5
5303,HO2C43CO2H
5304,CO3H4PAN
5305,EIPKBOOH
5306,NLIMALO2
5307,CHCL2CO2H
5308,HO8C9CO3
5309,COO2C3CHO
5310,C98NO3
5311,M2HEXAO
5312,C115OOH
5313,EMPHGLYOX
5314,PBENZO2
5315,C1011PAN
5316,C133O2
5317,EMALNHY2OH
5318,CH2BRO
5319,C42CO3
5320,BZBIPERO
5321,HNBIACET
5322,IPBFUO
5323,C522CO3H
5324,C7DCCO2H
5325,HO13CO4C5
5326,MXYMUCPAN
5327,NPROACEAO
5328,C7CO2DBAL
5329,HEXAOOH
5330,MMFOOH
5331,PETLMUCCO
5332,C115O2
5333,CATEC1OOH
5334,C815CO2OH
5335,TOL4OHNO2
5336,NO3CH2CO3H
5337,ACBUOAOOH
5338,C815CO2O2
5339,NOXYFUOOH
5340,HMACRO
5341,C64OH5O2
5342,C729NO3
5343,CCLOHCOCL
5344,C3M3OH2CHO
5345,CH2CLCHCL2
5346,NDMEPHOLO
5348,TPENT2ENE
5349,MIBK3COOOH
5350,NCATECO
5351,EPXEKTPAN
5352,DMMANO3
5353,C118O
5354,C123NO3
5355,C103CO
5356,C7ADCPAN
5357,PETOLO2
5358,PHCOCOCOOH
5359,ACEETOHOOH
5360,ETOLO
5361,BPINAO2
5362,M2PEBO2
5363,MXYMUCCO3H
5364,C4OHPAN
5365,DDEC3ONE
5366,NTM123LOOH
5367,HO3C76O2
5368,C108NO3
5369,M2PEBOH
5370,BPINAOH
5371,HEXCOOH
5372,EIPEOOH
5373,NDNOXYOLO
5374,C615OH
5375,M22C3CO3H
5376,GLYOOB
5377,GLYOOC
5378,GLYOOA
5379,C81O
5380,MTBEBCHO
5381,C820O
5382,MMFOH
5383,CDICLETH
5384,C6ETCO4DB
5385,CYHXONAO2
5386,DMPHO
5387,TBUACOH
5388,C6CO3HO25
5389,CH3SCH2O2
5390,MC4CONO3O
5391,DDECO2
5392,HO3C106OOH
5393,C1013CO3
5394,C66NO35O
5395,C615CO3H
5396,C5NO3COAO
5397,DNMXYOLO
5398,PRCOOMPAN
5399,DNIPBZLOOH
5400,DDECOH
5401,CH2CLCH2O
5402,CH3SCH2OH
5403,C52NO3
5404,TRICLETH
5405,ACETCOC2H5
5406,MOXCOCH2OH
5407,CYHXONAOH
5408,CO25C6CO3
5409,C831O2
5410,C627O
5411,M23C4O
5412,CY6DIONO
5413,DE35TOH
5414,TLFUO
5415,NON3ONE
5416,NTM124OLO
5417,C7ECO4DB
5418,DIETETO
5419,C4M2NO33O2
5420,C5DBCOCO3H
5421,HO2MC5OOH
5422,H3M3C4CHO
5423,C1214OOH
5424,HMVKBPAN
5425,HCOCH2CO3H
5426,NDNOETOLO
5427,DE35TO2
5428,C831OH
5429,HO2CO4CHO
5430,HOBUT2CO3H
5431,HPC52O
5432,HO3C116NO3
5433,EBZBIPERO
5434,C118OOH
5435,C141OO
5436,C141OH
5437,NOPINDO
5439,C4H6
5440,C810O2
5441,C141O2
5442,C710O
5443,IBUTALBO2
5444,C618O
5445,DIBRETOH
5446,CHOC2H4O2
5447,BUTALO2
5448,CO235C6OOH
5449,DMEBMUO2H
5450,C5MEJCO3H
5451,CO14O3CO2H
5452,HM23C4NO3
5453,C148OH
5454,C106O
5455,COCCOHCOOH
5456,H2M3C4NO3
5457,CLCOCLMOOH
5458,CO24C4CHO
5459,HO2CO4C5O
5460,MXY1OHNO2
5461,C148O2
5462,C1211CO3H
5463,C5M2OHOPAN
5464,C4H9CHO
5465,HEX2ONE
5466,INAHCHO
5467,IPROPOLO
5468,C6H5CH2OOH
5469,C118NO3
5470,C624OH
5471,IPCATEC1O2
5472,OXYMUCCO2H
5473,SBUACETBO
5474,PRCOFOROOH
5475,HM22C4O2
5476,C615CO
5477,C6HO1CO3O
5478,OETLMUCCO
5479,C536O
5480,C58OOH
5481,DNPBNZLO2
5482,NC3CO3H
5483,TM123BPNO3
5484,TM135OLO
5485,INB1GLYOX
5486,NBPINAO
5487,IPRFORMO2
5488,C517NO3
5489,IPRFORMOH
5490,C6HO1CO3O2
5491,C928PAN
5492,C926OOH
5493,CH3CHO
5494,DMEBMUNO3
5495,C511CHO
5496,NMXYQO
5497,DMEPHOLO
5498,C7CO2M5OOH
5499,C9DCNO3
5500,C624O2
5501,C533O2
5502,C1212NO3
5503,C922OOH
5504,EOCOCH2OOH
5505,PGLOO
5506,C6PAN2
5507,C6PAN3
5508,C6PAN1
5509,C6PAN6
5510,C6PAN7
5511,C6PAN4
5512,C622CO2H
5513,C1212OH
5514,C6PAN8
5515,C6PAN9
5516,PROLNO3
5517,BUT2OL
5518,C6EO2HCO3H
5519,NDNPBNZLO2
5520,C4NO3CO3
5521,C54CHO
5522,MGLOOA
5523,MGLOOB
5524,MGLOOC
5525,C1212O2
5526,C5COHOCO3H
5527,NPXYFUO
5528,MVK
5529,ACLOO
5530,NMEBFUOOH
5531,NBUACANO3
5532,NC526OOH
5533,HO2C54CO3H
5534,HEX2ONAOOH
5535,C61CHO
5536,LMKAO2
5537,C927O2
5538,NPXYOL1OOH
5539,C8O2OHCO3H
5540,C65O
5541,HO13C5
5542,C3DIOLO
5543,C3MCODBCO2
5544,H2M2C3CO3H
5545,IPROMCPAN
5546,C91OOH
5547,MTBEBO
5548,NBUACETBO2
5549,C1311OH
5550,M3PEANO3
5551,BOXMCO3H
5552,BOXOHPROL
5553,C1311O2
5554,INANCOCO3H
5555,BCALACO
5556,C4CHO2O
5557,C125O2
5558,COCCOH2CO2
5559,EPXMKTCO3H
5560,C615CO3
5561,C2H5MECOOA
5562,ACBUONANO3
5563,C623OOH
5564,C519CO3H
5565,H2M2C65O
5566,LMKAOH
5567,EPXMEDCO2H
5568,CH3CHOOA
5569,CH3CHOOC
5570,CH3CHOOB
5571,DETLBPR2OH
5572,NPROACECO
5573,CO36C10
5574,HCOCO3
5575,CO36C12
5576,H2M2C65NO3
5577,IPBZBIPRO
5578,HO8C9OOH
5579,BPINCNO3
5580,IPROC21OOH
5581,IPRACBCO3H
5582,HCOCO2H
5583,PBENZ
5584,DETLMUCO2
5585,DETLMUCO3
5586,NPXYOLOH
5587,CH3CHCLO2
5588,HEX3ONAO2
5589,HIEB1OOH
5590,C822CO2
5591,C822CO3
5592,TM135OLO2
5593,BCARY
5594,METACETOH
5595,CLCOCL2OOH
5596,C6OTKETO
5597,TM135OLOH
5598,M3CO245C6
5599,C929OOH
5600,C87O
5601,HEX3ONAOH
5602,IECCO3
5603,C826O
5604,CY6TRION
5605,NPXYOLO2
5606,HO3C76NO3
5607,OXYMUCNO3
5608,CHOOMCO2H
5609,OXNNCATCO
5610,NDNPXYLOOH
5611,C7CO2OHPAN
5612,DMMAOH
5613,C731O2
5615,HO5C6CO3
5616,C62OOH
5617,LMLKET
5618,PTNNCATOOH
5619,PXY1OHNO2
5620,TL4ONO2OOH
5621,NBUACCOH
5622,DMMAO2
5623,C23O3ECOOH
5624,PBZN
5625,NC4PDCO2
5626,C831OOH
5627,MCATEC1OOH
5628,APINBO
5629,OET1OHNO2
5630,BZBIPEROOH
5631,NCO23CHO
5632,OXYOLO
5633,C621O
5634,PETLBIPRO2
5635,METLQOOH
5636,CO2C3CHO
5637,MPRKAO2
5638,CH2CL3OOH
5639,C510OOH
5640,MPRKAOH
5641,NC6H14
5642,C5H8
5643,C728OOH
5644,MC6OTKETO
5645,IPNNCATCO
5646,INB1HPCO2H
5647,C1014CO
5648,ACCOCOEOOH
5649,IPROPOLO2
5650,CONM2PAN
5651,CO2M3C5OH
5652,IPRBQOOH
5653,CH2CLOOH
5654,T124NNCTO2
5655,ACEPROPONE
5656,DECOH
5657,CO23C54O2
5658,C736CO
5659,C3MNO3CO3
5660,PE2ENEAO2
5661,M2BKBO
5662,C5124COOOH
5663,MNCATECOOH
5664,DEMPHOLO
5665,C57NO3CO3
5666,C822NO3
5667,C116CO3H
5668,TM135MUOH
5669,DECO2
5670,NOXYFUO2
5671,MEKBO2
5672,HO2C43CO3
5673,TM124NOOH
5674,M2PECOOH
5675,CRESOH
5676,C5H11CO3
5677,CRESOL
5678,HO1C5O2
5679,C7M2CO5OOH
5680,C7CODBCO3
5681,MXYL
5682,TM124BOOH
5683,CO2HO4C6
5684,MPHCOMEOH
5685,C710OOH
5686,C4NO3M1OOH
5687,C78CO
5688,MPHCOMEO2
5689,CO2C43CHO
5690,MECOFOROOH
5691,MTBEBCO2H
5692,C4ECO2OOH
5693,EBFUO
5694,CRESO2
5695,C7M6CO2O
5696,HO1C4OOH
5697,C41CO3
5698,H2C3OCO
5699,C54O2
5700,C826NO3
5701,C14O3ECHO
5702,C530O
5703,C618PAN
5704,NO3CH2CHO
5705,C117OOH
5706,M23C43OOH
5707,C718PAN
5708,NOPINCOOH
5709,CO2C4CO3H
5710,C930O
5711,C5124COO2
5712,HO2C3CO3
5713,ETBEBOOH
5714,EBENZOOH
5715,C136CO2H
5716,C54OH
5717,C516O
5718,C88CHO
5719,DNMETOLO
5720,NMETLQOOH
5721,PETLQONE
5722,H3M3C5O
5723,C58AOOH
5724,DNPHENO2
5725,NC71OOH
5726,DMPHCOMO
5727,C65NO36CHO
5728,CO14O3CHO
5729,DMPHCOME
5730,C3ME3CHOO
5731,HO24C5O
5732,C23O3MCO2H
5733,OXYFUO
5734,CO1C6OOH
5735,CCOCOCOH
5736,C714OOH
5737,C727OOH
5738,C7MJPPAN
5739,C52NO33CO
5740,ME2BU2OLO2
5741,BZBIPERO2
5742,C6CO134
5743,MXNNCATCO
5744,C2H5O2
5745,C5O45OHPAN
5746,C67O
5747,T124CTCOOA
5748,NBUTDBO
5749,INDHCHO
5750,C68OOH
5751,C23O3MO2
5752,M3HEXAOOH
5753,C828CHO
5754,C9DCO
5755,IBUTALBO2H
5756,C2CL3OHAO2
5757,PXYQO2
5758,PXYQOH
5759,HEX2ONCO2
5760,NMBOAO2
5761,NOXYQO
5762,NPRACANO3
5763,C2H5OH
5764,CHEX2ENE
5765,C4OH2CPAN
5766,HOC3H6CO3
5767,C116PAN
5768,H2M4CO5C6
5769,C8BC
5770,PETLMUCOH
5771,CO25C6OOH
5772,PETLMUCO2
5773,C1011CO3
5774,DIIPRETOOH
5775,H13CO2C3
5776,IPEAO
5777,C731CO2H
5778,C1211PAN
5779,C5CO2DBCO3
5780,BCBCO
5781,NC4OHCO3H
5782,C58O
5783,HO2CO5C7
5784,HO2CO5C6
5785,BOXMPAN
5786,ETOHCO2M
5787,HO1CO3C4O2
5788,IPBZMUCNO3
5789,C824O
5790,C1210CO3
5791,C1210CO2
5792,INDHPAN
5793,PE1ENEANO3
5794,NPEBQO2
5795,C6CO23HO5
5796,HM2C43CO2H
5797,MC3ODBCO2H
5798,MALDIALPAN
5800,C6DICARBO2
5801,CL2OHCO3
5802,C3DBCO3
5803,C72OOH
5804,C530O2
5805,CO23C3CHO
5806,ETBECPAN
5807,PRNOCOPOOH
5808,NTLFUOOH
5809,C62NO33OOH
5810,C85O
5811,ENNCATCOOH
5812,PXYBPEROOH
5813,HO2M2C4NO3
5814,SBUACETAO2
5815,C8CO2OHCO3
5816,TM124BCO3H
5817,CO24M3CHO
5818,CYHXONAO
5819,CCL3O2
5820,TBOCOCHO
5821,C104OH
5822,C104O2
5823,MEBFUO
5824,MIBKANO3
5825,CCL3OH
5826,IPROACETO2
5827,CO2M33CO3
5828,C132O
5829,M3FOO
5830,C1013NO3
5831,NC730OOH
5832,CO
5833,CO2
